"Country","Alcoholic Beverages","Animal Products","Animal fats","Aquatic Products, Other","Cereals - Excluding Beer","Eggs","Fish, Seafood","Fruits - Excluding Wine","Meat","Milk - Excluding Butter","Offals","Oilcrops","Pulses","Spices","Starchy Roots","Stimulants","Sugar Crops","Sugar & Sweeteners","Treenuts","Vegetal Products","Vegetable Oils","Vegetables","Miscellaneous","Obesity","Undernourished","Confirmed","Deaths","Recovered","Active","Population","Unit (all except Population)"
"Afghanistan",0,9.7523,0.0277,0,35.9771,0.4067,0.0647,0.5824,3.1337,5.5278,0.5916,0.2034,1.2479,0.1664,0.1941,0.5546,0,0,0.1387,40.2477,0,1.137,0.0462,4.5,"29.8",0.104893649815043,0.00388923140156186,0.0876721126181669,0.0133323057953144,38928000,"%"
"Albania",0.184,27.7469,0.0711,0,14.2331,1.8069,0.6274,1.2757,7.6582,16.475,1.1084,0.3722,1.4555,0,0.8867,0.2635,0,0.0042,0.2677,22.2552,0.0084,3.2456,0.0544,22.3,"6.2",0.675017618040874,0.0168076109936575,0.375405214940099,0.282804792107118,2838000,"%"
"Algeria",0.0323,13.836,0.0054,0,26.5633,1.2916,0.635,1.1624,3.5088,8.0616,0.3283,0.183,2.5509,0.1776,1.4638,0.4628,0,0,0.2745,36.1694,0.0269,3.1267,0.1399,26.6,"3.9",0.126570778005726,0.00431498974231801,0.0881371598620285,0.0341186284013797,44357000,"%"
"Angola",0.6285,15.2311,0.0277,0,20.3882,0.1756,5.4436,1.2754,7.6248,1.146,0.8133,2.1534,4.085,0,5.1941,0.1017,0,0.0092,0.0092,34.7782,0.0092,0.8133,0.0924,6.8,"25",0.0288450894778919,0.000824057561035607,0.0107865444929586,0.0172344874238977,32522000,"%"
"Antigua and Barbuda",0.1535,33.1901,0.1289,0,10.5108,0.485,8.2146,1.2586,16.067,7.4349,0.8534,0.7674,0.8841,0.3438,0.4666,0.4113,0,0,0.0737,16.8161,0.043,1.6024,0.2947,19.1,NA,0.126530612244898,0.00306122448979592,0.110204081632653,0.013265306122449,98000,"%"
"Argentina",0.1704,31.9799,0.0097,0,13.6702,2.0593,1.0223,0.5209,21.625,5.8322,1.4313,0.0097,0.2434,0.0292,1.3096,0.9688,0,0.0049,0.0438,18.0176,0,1.0516,0,28.5,"4.6",2.40339599356502,0.0636798378032924,1.97196597395156,0.367750181810168,45377000,"%"
"Armenia",0.0411,22.8846,0.1438,0,18.2738,1.756,0.8831,1.1142,8.5233,10.038,1.5404,0.2619,0.9191,0.0154,0.9191,0.5545,0,0.0051,0.2208,27.1154,0.0205,4.6621,0.1078,20.9,"4.3",2.63318673883627,0.0399188092016238,1.72219215155616,0.871075778078484,2956000,"%"
"Australia",0.2914,32.9787,0.074,0.0046,10.9343,1.0916,2.8585,0.518,18.8298,8.432,1.6929,0.6984,0.2683,0.1203,0.9944,0.7031,0,0,0.7724,17.0213,0.0463,1.4524,0.2174,30.4,"<2.5",0.106876601692941,0.00351401724004038,0.0978333462763066,0.00552923817659393,25754000,"%"
"Austria",0.615,30.0009,0.3376,0,13.1508,2.1456,1.8358,0.6242,13.6549,11.4954,0.5318,1.5028,0.2405,0.1341,1.045,0.726,0,0.0139,0.3561,19.9991,0.0647,1.5259,0,21.9,"<2.5",0.90656271034328,0.0109827238052502,0.649068880412834,0.246511106125196,8914000,"%"
"Azerbaijan",0.3465,16.3039,0.0596,0,28.2218,1.4078,0.4873,0.5631,6.8551,6.8497,0.6444,0.0541,0.1787,0.0108,1.7652,0.2328,0,0,0.3411,33.7015,0.0217,1.9114,0.0433,19.9,"<2.5",0.494252077562327,0.0066383062920459,0.408379501385042,0.0792342698852394,10108000,"%"
"Bahamas",0.0325,34.1684,0.0895,0,7.8081,1.6755,5.734,1.8788,20.4311,4.8312,1.4152,0.8052,0.2765,0.244,0.366,0.4311,0,0,0.1464,15.8276,0.0325,2.6759,1.1305,32.1,NA,1.63104325699746,0.033587786259542,1.00458015267176,0.592875318066158,393000,"%"
"Bangladesh",0,9.9195,0.0083,0,31.7243,0.7216,5.8306,0.3069,1.2773,1.8578,0.2239,0.5972,3.2512,0.7465,1.9574,0.1161,0.0083,0.0332,0.1078,40.0846,0,1.2026,0.0249,3.4,"14.7",0.234860931988293,0.00341736892626421,0.185565547173589,0.0458780158884394,169809000,"%"
"Barbados",0.1344,28.2153,0.112,0,12.3067,1.4508,6.6939,0.689,13.9872,5.3944,0.5826,1.2324,2.6608,0.3137,1.4228,0.3585,0,0,0.2465,21.7791,0.028,1.4844,0.9075,24.8,"3.9",0.0790940766550523,0.0024390243902439,0.0724738675958188,0.00418118466898955,287000,"%"
"Belarus",0.3401,27.0935,0.1328,0,13.7248,2.2901,2.4548,0.441,14.2402,6.0202,1.9554,0.5207,0.0053,0.0213,4.1552,0.3029,0,0,0.3454,22.9065,0.0213,2.8587,0.17,26.6,"<2.5",0.990112,0.010208,0.887861333333333,0.0920426666666667,9375000,"%"
"Belgium",0.5466,28.4976,0.4678,0,13.7687,1.9599,2.999,0.6156,10.0507,11.9121,1.0981,0.2216,0.6993,0.1182,1.9304,0.4235,0,0.0049,0.5417,21.5098,0.1133,2.5213,0,24.5,"<2.5",2.78793747286148,0.0938775510204082,0.200495006513244,2.49356491532783,11515000,"%"
"Belize",0.201,18.9431,0.0893,0,18.6156,0.9378,2.3074,1.5035,10.748,4.5999,0.2531,1.7864,5.9918,0.0521,0.4094,0.2903,0,0,0.1265,31.0607,0.0372,1.3844,0.6624,22.4,"7.5",0.750596658711217,0.0119331742243437,0.468019093078759,0.270644391408115,419000,"%"
"Benin",0.7448,11.1646,0.0078,0,18.3955,0.225,3.6853,0.3491,5.6948,1.094,0.45,3.2508,4.275,1.6293,7.7818,0.0233,0,0,0.5741,38.8393,0,1.7457,0.0698,8.2,"10.1",0.0209435662216398,0.000335817839298878,0.019084282086985,0.00152346629535588,12209000,"%"
"Bolivia",0.1826,22.6898,0.0219,0,18.0364,1.461,0.5552,0.9131,17.0794,3.2143,0.3506,0.5114,2.0747,0.1023,3.4772,0.4894,0,0,0.431,27.3139,0.0146,0.9204,0.1607,18.7,"17.1",1.21080546720536,0.0743144502707814,0.934049686237428,0.202441330697155,11633000,"%"
"Bosnia and Herzegovina",0.5332,18.3339,0.0633,0,19.2578,0.7918,0.8341,0.7338,6.7096,9.3808,0.5543,0.6863,1.6998,1.3461,1.8582,0.9449,0,0.0053,0.2059,31.6634,0.0158,4.1651,0.2164,19.4,"<2.5",1.24635781773849,0.0330996647363609,0.806430966168851,0.406827186833283,3281000,"%"
"Botswana",0.3682,20.29,0.1534,0,21.8932,0.3299,0.8208,0.3759,8.3615,9.3971,1.2274,1.5572,1.3194,0.4066,1.7413,0.3068,0,0,0.0384,29.71,0.0153,1.189,0.4986,16.1,"26.4",0.25563228312473,0.000906344410876133,0.0400086318515322,0.214717306862322,2317000,"%"
"Brazil",0.2807,29.0557,0.1266,0,12.1671,1.1831,1.3537,0.7759,18.7486,7.0053,0.6383,0.4788,4.7326,0.022,0.864,0.6879,0.022,0.0165,0.066,20.9443,0.022,0.8089,0,22.3,"<2.5",2.54028808566087,0.0740765395728287,2.13698610088191,0.329225445206126,211812000,"%"
"Bulgaria",0.6659,24.988,0.24,0.012,17.5666,1.6079,1.3379,0.7499,11.6331,8.7833,1.3739,0.7619,0.7859,1.6319,0.6959,0.588,0,0,0.132,25.012,0.024,1.3139,0.096,27.4,"3.6",0.546975602714018,0.015793272701025,0.264963187527068,0.266219142485925,6927000,"%"
"Burkina Faso",1.366,7.1846,0.0066,0,29.1784,0.4466,1.4842,0.0591,2.975,1.7666,0.5057,5.7595,5.6019,0.0657,0.2496,0.0328,0,0,0.0854,42.8121,0,0.3809,0.0394,4.5,"20",0.011725589628283,0.000310960149260872,0.00965890063627231,0.00175572884274984,20903000,"%"
"Cabo Verde",0.3173,18.5332,0.0649,0.0072,20.5668,1.0024,2.3004,0.649,8.4734,6.3172,0.3678,0.3534,5.2138,0.6707,1.0673,0.2885,0,0,0.0505,31.4704,0.0361,1.6875,0.5625,10.6,"12.6",1.51007194244604,0.0169064748201439,1.31025179856115,0.182913669064748,556000,"%"
"Cambodia",0.4817,14.6494,0.0153,0,25.843,0.2982,10.2607,0.2982,3.2571,0.3441,0.474,4.5722,2.2173,0.1988,0.5046,0.0535,0.0153,0,0.0382,35.3544,0,0.8946,0.2294,3.5,"16.4",0.00185197134929341,0,0.0018261599019165,2.58114473769117e-05,15497000,"%"
"Cameroon",0.5688,8.1066,0.0144,0,19.7696,0.072,3.4197,1.5119,3.4845,0.8063,0.3168,3.8301,8.9777,0.8567,3.3261,0.1008,0,0,0.3168,41.8934,0.0072,2.5414,0.0792,9.5,"9.9",0.0810963230318069,0.00159786450109031,0.0756335062786676,0.00386495225204903,26598000,"%"
"Canada",0.3458,25.1828,0.6868,0.0049,12.9249,2.0553,2.8755,0.6868,13.7253,5.7905,0.0445,2.416,3.7451,0.1532,1.3785,0.6374,0,0.0099,0.5534,24.8172,0.084,1.5909,0.2915,31.3,"<2.5",0.57311861743912,0.0261717727153705,0.482309505106049,NA,38190000,"%"
"Central African Republic",0.2045,21.8538,0.0969,0,8.8276,0.1507,2.433,1.0012,15.3192,1.6363,2.2069,3.6064,5.5765,0.0108,7.7726,0.3876,0,0.0431,0,28.1516,0,0.689,0.0323,6.3,"59.6",0.100662525879917,0.00128364389233954,0.0398343685300207,0.0595445134575569,4830000,"%"
"Chad",0.0567,15.4353,0.0425,0,22.6744,0.0709,2.2689,0.0993,7.4872,2.7723,2.8006,6.6931,3.7365,0,1.1132,0.0142,0,0,0,34.5576,0,0.1631,0.0142,4.8,"37.5",0.00851454642412751,0.000568821473010606,0.00751318362268176,0.000432541328435148,16877000,"%"
"Chile",0.2314,25.6899,0.1016,0,17.7775,1.6141,2.0374,0.4966,16.5077,5.226,0.1919,0.4571,1.3996,0.0282,1.8285,0.316,0,0,0.2653,24.3185,0.0169,1.4222,0.0734,28.8,"2.7",2.57864920390344,0.071617873651772,2.45635336414997,NA,19470000,"%"
"China",0.1648,30.6446,0.0471,0.0515,10.8868,2.7059,5.9326,0.437,16.3074,2.4705,3.1282,1.7892,0.3149,0.0765,0.5253,0.387,0.0015,0.0088,0.6092,19.3546,0.0059,3.6829,0.4679,6.6,"8.5",0.00649971298894383,0.000337924321780396,0.00613255275833669,2.92359088267487e-05,1402385000,"%"
"Colombia",0.2626,25.6945,0.0346,0,15.038,2.3981,1.4444,2.1493,12.4395,8.4243,0.9468,0.6496,2.3497,0.1106,1.8037,0.1313,0.0138,0.4699,0.2211,24.3124,0.0346,0.9883,0.0829,22.1,"4.8",2.05461734487501,0.0606747026939568,1.83516503519133,0.158777606989726,49444000,"%"
"Congo",0.7335,23.8551,0.0089,0,13.2021,0.1431,7.898,0.9034,13.5599,0.5725,1.6726,1.7531,1.61,0.0089,4.9732,0.0716,0,0,0.0089,26.1449,0.0179,2.7102,0.1521,8.4,"40.3",0.29713664371149,0.00719463573758608,0.260130482058717,0.0298115259151867,5518000,"%"
"Costa Rica",0.0739,28.0821,0.0739,0,12.6794,1.7744,3.5672,0.8441,10.3814,11.7861,0.499,1.4602,4.2943,0.1047,0.6099,0.5545,0,0.0123,0.1417,21.921,0.0062,1.0351,0.0986,25.7,"4.8",2.01698297789082,0.0250831539816083,1.21379377812561,0.778106045783604,5111000,"%"
"Cote d'Ivoire",0.1859,11.5833,0,0,20.0997,0.49,4.5708,1.0983,4.4187,0.6506,1.4447,2.2727,1.1406,0.4309,9.4627,1.4109,0,0,0.997,38.4167,0.0084,1.2842,0.0338,9,"19",0.0782043935052531,0.000466093600764088,0.0770429799426934,0.000695319961795606,26175000,"%"
"Croatia",0.642,29.7692,0.1162,0,13.4872,1.3061,3.1767,0.5811,12.7677,11.4561,0.9408,0.5866,0.2601,0.0775,0.8966,0.9242,0,0.0387,0.249,20.2335,0.0221,2.4683,0,27.1,"<2.5",0.90497512437811,0.0108706467661692,0.616890547263682,0.277213930348259,4020000,"%"
"Cuba",0.1187,18.4193,0.0057,0,17.5712,1.3795,0.8706,1.1703,11.1771,4.3024,0.6841,2.6063,6.5242,0.0283,1.2438,0.1753,0,0,0,31.5807,0,2.1088,0.0339,26.7,"<2.5",0.0582040599237656,0.00113465118340573,0.0531690452974027,0.00390036344295718,11281000,"%"
"Cyprus",0.2117,28.43,0.0436,0,13.695,1.4698,4.2661,0.8657,14.6478,7.3613,0.6352,1.1335,1.1335,0.081,0.5418,0.6415,0,0.0062,0.4048,21.5669,0.0125,2.1548,0.6975,22.6,"5.6",0.293703396851698,0.00207125103562552,0.155923777961889,0.135708367854184,1207000,"%"
"Czechia",1.1737,30.7412,0.3469,0,12.3208,1.4801,1.5611,0.5608,14.7375,11.9392,0.6765,0.3238,0.7227,0.0925,1.5842,0.5666,0,0.0173,0.2024,19.2588,0.0578,1.4801,0.1561,28.5,"<2.5",2.40851997013811,0.0205393803658081,0.908743934303845,1.47923665546846,10716000,"%"
"Denmark",0.3937,32.3912,0.4246,0,12.04,2.3133,3.7288,0.5485,12.5265,12.009,1.3889,0.3185,0.1902,0.1902,0.9731,0.9245,0,0.0044,0.4423,17.6088,0.0575,1.526,0,21.3,"<2.5",0.70102933607823,0.0120432321152856,0.557196774746955,0.131789329215989,5829000,"%"
"Djibouti",0.0225,9.6191,0.0225,0,29.5547,0.2399,0.8097,0.3674,4.3035,3.4863,0.7647,0.2549,6.2828,0.2699,0.5248,0.1949,0,0,0.105,40.3809,0.0075,2.4142,0.3749,12.2,"18.9",0.560323886639676,0.00617408906882591,0.546761133603239,0.00738866396761134,988000,"%"
"Dominica",0.038,27.2601,0.0634,0,11.2385,0.4245,5.4165,2.9142,12.2648,8.3434,0.7475,0.7095,1.7738,0.4371,3.2626,0.6018,0,0,0.0063,22.7431,0.0127,1.4634,0.2787,28.2,"6.2",0.0527777777777778,0,0.0402777777777778,0.0125,72000,"%"
"Dominican Republic",0.4784,25.6914,0.0224,0,13.1111,2.0631,2.0182,3.5207,12.9167,7.1386,1.5324,0.7774,3.7823,0.0747,0.8073,0.4111,0,0,0.0374,24.3086,0,0.9643,0.3438,26.9,"9.5",1.18597142857143,0.0211714285714286,0.977628571428572,0.187171428571429,10500000,"%"
"Ecuador",0,22.7577,0.0988,0.0076,22.6665,1.6038,1.6494,1.1022,11.09,7.3579,0.9425,0.6385,0.8893,0.0532,0.8665,0.0532,0,0,0.0304,27.2423,0.0152,0.7753,0.1596,19.3,"7.9",0.923048369596254,0.0716863685683285,0.809542573239678,0.0418194277882474,17511000,"%"
"Egypt",0.0052,12.4994,0.0467,0,30.3504,0.5243,3.4934,1.0849,5.1077,2.0919,1.2302,0.5969,1.6818,0.2128,0.6696,0.2024,0.1298,0,0.0467,37.5032,0.0052,2.4916,0.026,31.1,"4.5",0.105691298870073,0.0061496185629396,0.0981151354622382,0.00142654484489549,100803000,"%"
"El Salvador",0.1203,17.3405,0.0468,0,20.588,1.5904,1.4701,0.7952,6.8961,7.0364,0.3074,1.3699,6.8426,0.0267,0.7551,0.294,0,0,0.0334,32.6495,0.0267,1.5035,0.3074,22.7,"9",0.50277734917451,0.0146428020367227,0.436012960962814,0.052121586174973,6481000,"%"
"Estonia",0.5907,28.6013,0.2233,0,15.0751,1.7071,1.735,0.5023,8.8097,15.424,0.7024,0.1861,0.8559,0.1674,1.3582,0.7535,0,0.0047,0.3582,21.401,0.0233,1.4745,0.0465,23.8,"2.9",0.331404958677686,0.00548459804658152,0.259729526671675,0.066190833959429,1331000,"%"
"Eswatini",0.6034,14.768,0.0489,0,27.0081,0.4077,0.9296,0.7421,8.8396,3.4086,1.1253,1.3129,1.8511,0.4322,1.9979,0.1468,0,0,0.1794,35.2361,0,0.7747,0.1876,13.5,"20.6",0.530253623188406,0.0105072463768116,0.498369565217391,0.0213768115942029,1104000,"%"
"Ethiopia",0.1676,4.4561,0.0076,0,29.7303,0.099,0.1066,0.1143,1.6834,2.1938,0.3656,0.8074,10.748,0.7693,2.3461,0.3047,0,0,0.0838,45.5515,0,0.457,0.0076,3.6,"20.6",0.0812271572278882,0.0012409064011974,0.041371958648056,0.0386142921786348,114916000,"%"
"Fiji",0.2232,21.1078,0.2435,0,16.8335,0.8386,6.3303,0.3043,10.1515,2.7323,0.8116,1.8734,4.6936,0.1826,2.7797,0.3382,0,0,0.0609,28.8922,0.0203,1.5014,0.0812,30,"3.7",0.00368303571428571,0.000223214285714286,0.00334821428571429,0.000111607142857143,896000,"%"
"Finland",0.4797,31.2205,0.2505,0,13.0758,1.1632,3.8251,0.5434,11.1059,14.3706,0.501,0.3524,0.3099,0.0425,1.1123,1.0826,0,0.0042,0.1826,18.7816,0.0594,1.1038,0.433,24.9,"<2.5",0.268547657804305,0.00638451799602098,0.17724724181588,0.0849158979924037,5529000,"%"
"France",0.1784,31.0849,0.2677,0,13.4993,1.6015,3.9079,0.6513,12.8703,11.1617,1.2714,0.4104,0.513,0.0401,0.977,0.7361,0,0.0045,0.3569,18.9195,0.0134,1.4811,0.0535,23.2,"<2.5",1.74028795811518,0.0533923621804743,0.176368955959347,1.51052663997536,64940000,"%"
"French Polynesia",0.3778,32.9981,0.2042,0.0153,10.705,1.1741,7.0448,0.3931,18.8677,4.768,0.9189,1.0618,0.6636,0.0255,0.9036,0.3471,0.0255,0,0.1174,17.0044,0.0153,1.2558,1.1129,NA,"4.2",NA,NA,NA,NA,280000,"%"
"Gabon",0.6967,24.3394,0.0188,0,15.1258,0.1695,5.2846,1.6507,14.6928,1.7071,2.4666,3.3264,0.069,0,3.3202,0.1004,0.0063,0,0.0126,25.6637,0.0126,0.9352,0.4017,13.4,"10.5",0.39977588525325,0.00242043926490363,0.381532944867772,0.0158225011205737,2231000,"%"
"Gambia",0.2116,13.0026,0.0078,0,26.687,0.3213,6.7403,0.0705,2.3513,3.3702,0.2116,8.0649,0.4232,0.0078,0.1332,0.4232,0,0,0.1019,37.0013,0.0157,0.6427,0.2116,8.7,"10.2",0.15142738932561,0.00492345883326438,0.110053785684733,0.0364501448076127,2417000,"%"
"Georgia",0.1495,18.4294,0.169,0,27.2574,1.1636,1.4822,0.3835,6.7867,8.2299,0.5981,0.299,0.013,0.0715,1.2936,0.6436,0,0.0065,0.2665,31.5673,0.026,0.8906,0.273,23.3,"7.9",0.765302826379542,0.00541049798115747,0.289825033647375,0.470067294751009,3715000,"%"
"Germany",0.6525,30.2658,0.3023,0,12.9162,1.7081,2.0631,0.6237,13.7703,12.0526,0.3646,0.7821,0.2351,0.12,1.3051,0.6669,0,0.0048,0.7005,19.7342,0.0288,1.7033,0,25.7,"<2.5",0.525447779111645,0.0120792316926771,0.384158463385354,0.129210084033613,83300000,"%"
"Ghana",0.1509,12.1922,0.0079,0,16.2272,0.2701,6.6164,2.5417,4.1064,0.5878,0.5957,2.5576,3.2089,1.2073,10.8181,0.0159,0.0318,0,0.1191,37.8157,0.0159,0.8419,0.0715,9.7,"5.5",0.153477295401152,0.00101696006178998,0.15089305828211,0.00156727705725228,31073000,"%"
"Greece",0.2376,26.9807,0.0998,0,14.543,1.2737,2.6995,0.9981,10.9548,11.0689,0.884,0.6036,1.3593,0.0665,1.1121,0.6273,0,0.0095,0.8887,23.0217,0.0285,2.3193,0.2234,27.4,"<2.5",0.287682242990654,0.00536448598130841,0.012588785046729,0.269728971962617,10700000,"%"
"Grenada",0.1204,30.3273,0.0567,0,12.2414,1.8631,5.9719,1.4452,15.3939,6.5812,0.4605,0.5809,2.6991,0.5667,0.6801,0.1204,0,0,0.0425,19.6727,0.0283,0.7793,0.3684,20.2,NA,0.0247787610619469,0,0.0212389380530973,0.00353982300884956,113000,"%"
"Guatemala",0.0787,15.405,0.0358,0,23.6119,2.6188,0.5581,0.6583,8.7221,2.9408,0.5366,1.431,6.597,0.0859,0.2504,0.4865,0,0,0.1002,34.595,0.0143,1.1806,0.093,18.8,"15.2",0.580023248090335,0.0201704859957932,0.521515554079486,0.0383372080150559,18066000,"%"
"Guinea",0.0404,9.2262,0.0162,0,26.1017,0.4286,2.442,1.3019,4.1077,1.4797,0.7601,3.5417,2.159,0,3.0403,0.2183,0,0,0,40.7779,0.0081,4.2371,0.1132,6.6,"16.5",0.0926353503184713,0.000565286624203822,0.0833917197452229,0.00867834394904459,12560000,"%"
"Guinea-Bissau",0.1925,10.5663,0.034,0,30.7701,0.2718,0.4077,0.9966,6.761,2.1857,0.906,1.2684,1.3364,0,1.88,0.0793,0,0,1.8913,39.4337,0.0113,0.7928,0.2152,8.2,"28",0.124701608718215,0.00212765957446809,0.0943435391800726,0.0282304099636741,1927000,"%"
"Guyana",0.1537,22.1489,0.0114,0,15.7922,0.2902,4.6153,0.8821,8.5306,8.5249,0.1821,2.0885,2.3902,0.6203,0.7341,0.2959,0,0,0.1821,27.8511,0.0285,4.456,0.2219,19.2,"8.1",0.511181702668361,0.0151207115628971,0.377382465057179,0.118678526048285,787000,"%"
"Haiti",0,9.993,0.03,0,22.5894,0.1302,1.3217,1.2616,6.138,1.6922,0.6809,1.3117,10.3835,0,2.6434,0.8511,0,0.01,0,40.012,0.01,0.801,0.1402,20.5,"49.3",0.0791546084363764,0.0020345523107954,0.0646584232219591,0.0124616329036219,11403000,"%"
"Honduras",0.1091,17.3784,0.0156,0,23.5193,0.9196,0.6546,0.7481,9.11,6.1253,0.5533,0.2182,6.1877,0.0312,0.1948,0.6858,0,0,0.039,32.6216,0.0156,0.6858,0.187,19.4,"12.9",0.944991889699919,0.0265916463909165,0.385198702351987,0.533201540957015,9864000,"%"
"Hungary",0.5289,28.3269,0.5687,0,15.6506,2.4056,1.035,0.4208,14.4791,9.8157,0.0171,0.2616,1.0009,0.1877,1.1601,0.4777,0,0,0.0284,21.6731,0.1081,1.8369,0.0171,28.6,"<2.5",0.606603870175079,0.0145899457356404,0.166294665711068,0.425719258728371,9767000,"%"
"Iceland",0.3794,35.786,0.3298,0,9.3826,1.2163,9.3968,0.6383,11.7124,12.5102,0.617,0.5142,0.1596,0.1312,0.5674,0.9184,0,0.0035,0.1773,14.2158,0.0035,0.9787,0.3617,23.1,"<2.5",1.20869565217391,0.00298913043478261,0.922554347826087,0.283152173913043,368000,"%"
"India",0.0077,11.2582,0.0306,0,25.2794,0.7271,1.5537,0.6659,1.0179,7.8142,0.1225,1.1174,7.2096,0.8189,0.8955,0.176,0,0.0459,0.1837,38.7418,0,2.3343,0,3.8,"14.5",0.56495671737733,0.00850039282908364,0.509765588172273,0.0466907363759731,1400100000,"%"
"Indonesia",0.0073,16.164,0.0219,0,27.3237,1.2821,10.1617,0.743,2.921,1.0854,0.692,2.3529,0.4953,0.3351,0.7503,0.4006,0,0.0219,0.102,33.836,0,1.2966,0.0073,6.9,"8.3",0.143414084838761,0.00489403434913649,0.1154652074233,0.0230548430663247,271739000,"%"
"Iran (Islamic Republic of)",0,14.4317,0.2626,0,26.42,1.2388,1.9124,1.2274,7.6383,2.8201,0.5537,0.1313,2.4034,0.177,0.9248,0.3311,0,0.0057,1.3701,35.5712,0.0057,2.5746,0,25.5,"4.9",0.67604991087344,0.0387593582887701,0.540765300059418,0.0965252525252525,84150000,"%"
"Iraq",0.0083,11.1909,0.033,0,33.7215,2.2877,0.7433,0.7763,5.7648,2.2547,0.1074,0.3799,1.8996,0.0496,0.223,0.3469,0,0,0.2065,38.8173,0.0165,0.9911,0.1817,27.4,"29",1.13708495909377,0.0267413467589679,0.959972309628697,0.150371302706104,39725000,"%"
"Ireland",0.7787,28.5256,0.3115,0,14.0504,1.4017,3.2849,0.8543,13.5407,9.6847,0.3021,0.5569,0.7363,0.0991,1.364,0.59,0,0.0047,0.3351,21.4791,0.0425,1.9681,0.0897,26.9,"<2.5",1.14187487507495,0.0376174295422746,0.466999800119928,0.637257645412752,5003000,"%"
"Israel",0.11,29.564,0.0204,0.0041,12.7832,1.2755,2.6773,0.8476,16.5363,8.3374,0.7131,1.5444,1.4792,0.0652,0.6846,0.4931,0,0.0041,0.5134,20.436,0.0326,1.7889,0.0896,26.7,"<2.5",3.36312934027778,0.0260091145833333,3.18043619791667,0.156684027777778,9216000,"%"
"Italy",0.1827,26.7179,0.1405,0,16.4832,1.7191,3.7754,0.8853,12.5299,8.0191,0.5293,0.178,1.4848,0.0141,0.7167,0.5996,0,0,0.5855,23.2845,0.0141,1.9907,0.1499,22.9,"<2.5",0.872001459466631,0.0619245057715271,0.441493631418336,0.368583322276768,60296000,"%"
"Jamaica",0.103,24.6534,0.048,0.0137,16.5134,0.3912,4.8593,1.0913,12.6081,5.7515,0.9883,0.9266,1.2286,1.1187,1.9149,0.3226,0,0,0.0412,25.3466,0.0343,1.6747,0.3706,24.4,"8",0.310217159131363,0.00669277322890708,0.152438590245639,0.151085795656817,2809000,"%"
"Japan",0.2541,27.7588,0.0058,0.0635,12.4213,3.5687,9.5744,0.3292,9.8112,4.1058,0.6294,4.9835,0.4966,0.1848,0.5139,0.6699,0.052,0.0462,0.2079,22.2383,0.0289,1.9923,0.0635,4.4,"<2.5",0.0770797113529734,0.00136226154469028,0.0703438202068796,NA,125967000,"%"
"Jordan",0.0072,17.4589,0.0289,0,24.224,0.7235,1.1287,0.615,10.361,4.7826,0.4414,1.0636,2.735,0.0941,0.4992,0.6295,0,0,0.4052,32.5447,0.0145,2.0838,0.1592,33.4,"12.2",0.497115834815994,0.00542185597902425,0.0703062084464837,0.421387770390486,10679000,"%"
"Kazakhstan",0.2369,28.9452,0.2053,0,14.0383,1.3317,0.658,0.5211,12.4803,12.8645,1.4107,0.4264,0.1579,0.0316,2.3739,0.4422,0,0,0.3211,21.0496,0.0316,2.3213,0.1526,21.3,"<2.5",0.590123852231476,0.0095878710228486,0.564141575912876,0.0163944052957506,18732000,"%"
"Kenya",0.1724,12.6375,0.0411,0,24.2979,0.312,0.9115,0.6241,5.1897,5.4114,0.7719,0.4434,8.0145,0.0411,2.0939,0.4681,0,0,0.1314,37.3542,0.0411,1.0347,0.0082,6,"29.4",0.0928878344044239,0.00168509938723659,0.0639086085786878,0.0272941264384995,53528000,"%"
"Kiribati",0.0338,24.9594,0.0473,0,15.368,0.4058,16.1052,0.9131,7.6502,0.602,0.1488,4.1328,0.0203,0.0203,2.6583,0.0676,0,0,0.3179,25.0338,0,1.3731,0.142,45.6,"2.7",NA,NA,NA,NA,125000,"%"
"Korea, North",0.0287,10.0832,0,0,23.907,1.3872,2.9561,0.6218,5.099,0.3348,0.3061,1.8464,6.2757,0,2.4873,0.0287,0,0,0.0574,39.912,0,4.6398,0.0287,7.1,"47.8",NA,NA,NA,NA,25779000,"%"
"Korea, South",1.0359,25.3298,0.1804,1.0719,14.4764,1.6698,8.3539,0.4741,11.4255,1.644,0.9843,2.9221,0.3504,0.0618,0.3556,0.2268,0,0.0618,0.3762,24.6702,0,4.329,0,4.9,"<2.5",0.050124563063672,0.000882563102296209,0.0461655819702207,0.00307641799115506,51781000,"%"
"Kuwait",0,23.7566,0.025,0,17.5357,2.6897,1.6178,0.9166,12.2114,6.6516,0.556,0.4758,1.8382,0.4057,0.9416,0.6211,0,0,0.4107,26.2459,0.005,2.7047,0.3907,37,"2.8",2.59294393519505,0.0159027925815391,2.40398635685355,0.173054785759966,4691000,"%"
"Kyrgyzstan",0.0469,20.2308,0.0996,0,21.0511,0.7441,0.1992,0.2344,6.7378,11.3136,1.1425,0.041,1.992,0.0586,2.408,0.3515,0,0,0.3222,29.7633,0.0059,3.158,0.0996,15.4,"7.1",0.845465574764938,0.0171974522292994,0.722111010009099,0.106157112526539,6594000,"%"
"Lao People's Democratic Republic",0.0541,12.0786,0.1082,0,25.5153,0.3365,4.531,1.971,5.9912,0.2644,0.8473,1.8629,0.9555,0.4086,0.5408,1.941,0.0541,0,0.012,37.9184,0.006,4.4408,0.1622,4.5,"16.5",0.000331400165700083,0,0.000303783485225076,2.76166804750069e-05,7242000,"%"
"Latvia",0.6062,28.578,0.7346,0,14.2299,1.8802,3.9608,0.4623,10.7367,10.449,0.8168,0.3493,0.0205,0.036,2.7689,0.6627,0,0.0051,0.3134,21.4168,0.0257,1.8031,0.1438,25.7,"<2.5",0.245951629863302,0.00294426919032597,0.0713459516298633,0.171661409043113,1902000,"%"
"Lebanon",0.0517,15.0004,0.0443,0,23.269,0.4581,1.6922,1.2266,6.9608,5.4607,0.3769,1.2636,2.8671,0.0961,0.9754,0.7389,0,0,1.2414,35.0107,0.0148,2.9705,0.2808,31.3,"11",1.04600732600733,0.00827838827838828,0.509934065934066,0.527794871794872,6825000,"%"
"Lesotho",0.2653,9.5357,0.0078,0,32.4932,0.2107,0.4292,0.1795,5.9227,1.7948,1.1705,0.3043,4.1826,0.2107,1.9586,0.0624,0,0,0.0078,40.4682,0,0.7101,0.0858,13.5,"13.1",0.0905695611577964,0.00200746965452848,0.0452847805788982,0.0432773109243697,2142000,"%"
"Liberia",0.0752,12.2556,0.0251,0,28.6591,0.4386,2.0677,1.2406,8.3208,0.3258,1.0902,1.6416,0.5639,0,3.8722,0.0501,0.0627,0,0.1504,37.7318,0.0125,1.2406,0.1754,8.6,"37.2",0.0275405298536971,0.00162119414788454,0.0252669039145907,0.000652431791221827,5058000,"%"
"Lithuania",0.5273,30.7649,0.2077,0,12.858,1.7655,3.9345,0.3915,11.2483,13.0577,0.5512,0.3435,2.2808,0.1758,0.8588,0.4194,0,0.004,0.2317,19.2371,0.02,1.0785,0.0439,28.4,"<2.5",0.364495347172513,0.00479599141016464,0.145776664280601,0.213922691481747,2794000,"%"
"Luxembourg",0.594,31.7713,0.2452,0.0047,10.4804,2.3148,3.9602,0.7732,14.1577,10.6124,0.4762,0.3253,0.2357,0.165,0.8486,2.5364,0,0.0047,0.0471,18.2264,0.0189,1.8717,0.33,24.2,"<2.5",2.03338607594937,0.0223101265822785,1.4375,0.573575949367089,632000,"%"
"Madagascar",0.0931,10.7114,0.0349,0,31.1678,0.2212,1.7813,0.8849,5.3906,2.3169,0.978,0.1746,2.1423,0.1281,3.4696,0.3842,0.0466,0,0.0466,39.2828,0,0.7219,0.0233,4.5,"44.4",0.0612762269329385,0.000881152721100719,0.0588675020764869,0.00152757213535084,27691000,"%"
"Malawi",0.1544,8.4246,0.0956,0,23.98,0.2352,2.0731,1.4335,4.9548,0.2646,0.8013,3.2713,6.6676,0.0441,4.7048,0.0809,0,0,0.0368,41.5717,0,1.1836,0.0221,4.7,"17.5",0.0307893361212755,0.000956612650287507,0.0276581285938317,0.0021745948771563,19130000,"%"
"Malaysia",0.0824,27.3712,0.0634,0.0127,16.6065,3.5735,10.562,0.4055,11.3603,1.527,0.2724,0.6273,1.0518,0.9314,0.3738,0.1901,0,0,0.1457,22.6256,0.0063,1.7741,0.4372,15.3,"2.5",0.0810377962844331,0.000698575394283274,0.0522680821207407,0.0280711387694091,32781000,"%"
"Maldives",0.0367,30.0398,0.0612,0,13.4537,2.1107,18.0789,0.6363,4.9373,4.8394,0.0061,0.3793,0.312,0.6608,0.4283,0.52,0.0245,0.0061,1.0523,19.9633,0.0061,1.762,0.6852,7.9,"10.3",2.12661737523105,0.00683918669131238,1.9452865064695,0.17449168207024,541000,"%"
"Mali",0.2414,13.6564,0.0177,0,27.6544,0.1178,1.325,0.4534,5.6063,5.6769,0.9069,1.2131,3.5923,0.1354,0.7479,0.1237,0,0.0059,0.3651,36.3465,0,1.7667,0.0471,7.1,"6.3",0.0172337168534887,0.000651819663226507,0.0131400918473162,0.00344180534294603,20251000,"%"
"Malta",0.2579,28.7765,0.0688,0,13.735,1.6073,3.6271,0.5845,13.9886,9.1968,0.2836,0.5802,1.0314,0.0774,0.7005,0.6188,0,0,0.3696,21.2257,0.0215,3.1501,0.0988,31,"<2.5",1.05325670498084,0.00977011494252874,0.683333333333333,0.360153256704981,522000,"%"
"Mauritania",0,18.4403,0.0188,0,25.3429,0.451,1.6348,0.2318,7.2346,7.9737,1.1275,0.3257,3.8334,0.0125,0.238,0.5951,0,0,0,31.5565,0.0063,0.8331,0.1441,11.3,"10.4",0.164817204301075,0.00350537634408602,0.158817204301075,0.00249462365591398,4650000,"%"
"Mauritius",0.2315,21.8521,0.0508,0.0056,20.5138,1.0277,4.122,0.3614,10.5364,5.7538,0.3444,0.7849,3.2693,0.367,0.4404,0.3783,0,0,0.1016,28.1536,0.0169,1.3326,0.3557,11.5,"6.5",0.0343873517786561,0.000790513833992095,0.0305138339920949,0.00308300395256917,1265000,"%"
"Mexico",0.2784,23.4422,0.0107,0.0161,19.3737,2.8587,2.3287,0.9047,11.1188,5.6906,1.4186,0.6906,3.1103,0.3533,0.3051,0.0803,0,0.0428,0.1445,26.5578,0.0214,1.2473,0.0054,28.4,"3.6",0.697351946913735,0.069584950544635,0.588996963816201,0.0387700325528985,127792000,"%"
"Mongolia",0.2367,34.0697,0.1092,0,13.0902,0.7768,0.1032,0.085,19.8082,9.7706,3.5016,0.091,0.1456,0.0061,0.8011,0.4005,0,0,0.0243,15.9303,0.0182,0.8618,0.1699,19.6,"13.4",0.010086283844094,0,0.00928295150252901,0.00080333234156501,3361000,"%"
"Montenegro",0.1588,30.3005,0.0882,0,13.7184,1.5576,1.6591,0.9134,11.5386,14.9495,0.5074,0.3221,1.2399,0.0529,0.5074,0.8207,0,0.0044,0.2647,19.6973,0.0176,1.3502,0.3309,24.9,"<2.5",2.70048231511254,0.0427652733118971,2.05385852090032,0.603858520900322,622000,"%"
"Morocco",0.0204,13.9914,0.0255,0,29.9052,0.9892,3.248,0.8464,6.5725,2.5342,0.6272,0.0816,1.5552,0.3161,0.9994,0.3518,0,0,0.4844,36.0086,0.0051,1.4175,0.0204,25.6,"3.4",0.549290720961282,0.00918168669336894,0.453924677347575,0.0861843569203382,35952000,"%"
"Mozambique",0.1562,8.7767,0,0,24.9634,0.5467,3.251,0.576,3.0265,1.562,0.4003,0.6248,7.654,0.0098,5.7796,0.2831,0,0,0.2343,41.2184,0,0.8591,0.0781,6,"27.9",0.0384585766540461,0.000275941731373933,0.0296894051209652,0.00849322980170699,31166000,"%"
"Myanmar",0.0161,23.9286,0.0911,0,16.0006,0.8517,8.7797,0.4018,10.2743,3.2248,0.6964,1.6285,4.5961,0.4339,0.2786,0.3107,0,0.2625,0.2464,26.0767,0,1.8213,0.0804,5.7,"10.6",NA,NA,NA,NA,54704000,"%"
"Namibia",0.386,18.3127,0.0483,0.008,19.5191,0.3217,2.7586,0.4343,9.6107,4.6244,0.941,0.4745,4.1338,0.3458,5.0828,0.2493,0,0,0.0402,31.6873,0.0241,0.764,0.2332,15,"27.3",0.498229043683589,0.00523415977961432,0.424203069657615,0.0687918142463597,2541000,"%"
"Nepal",0.0407,8.5877,0.0271,0,28.0559,0.3934,0.5698,0.6105,3.1407,3.7648,0.6919,0.1628,5.0943,1.1328,2.4556,0.1018,0.0814,0.0068,0.156,41.4055,0.0068,3.4866,0.0271,3.8,"8.7",0.527033604480597,0.00282370982797706,0.372282971062808,0.151926923589812,29996000,"%"
"Netherlands",0.3823,32.7073,0.0573,0.0048,10.9008,2.1075,3.264,0.9319,13.3333,13.7921,0.1481,0.1864,0.4731,0.1625,1.6487,0.3393,0,0.0048,0.5926,17.2903,0.043,1.6296,0,23.1,"<2.5",1.70301711799393,0.0406938798877884,0.0321692334115761,1.63015400469457,17467000,"%"
"New Caledonia",0.3262,29.179,0.1873,0.0181,13.6531,1.6915,3.9207,0.6585,15.3749,7.2857,0.7008,1.2143,0.5739,0.0967,0.7431,0.4591,0,0,0.1087,20.824,0.0362,1.764,1.1841,NA,"7.1",NA,NA,NA,NA,295000,"%"
"New Zealand",0.3023,28.5384,0.1539,0.0165,14.1043,1.6765,3.6498,0.6651,18.0949,4.4303,0.5222,1.2917,1.1983,0.1154,1.1763,0.3463,0.0055,0.0055,0.5497,21.4533,0.011,1.693,0,32,"<2.5",0.0389011429717265,0.000501303388810908,0.0369159815520353,0.00148385803088029,4987000,"%"
"Nicaragua",0.0907,16.6679,0.0302,0,23.8869,1.1188,1.217,0.4158,7.5894,5.9264,0.7786,0.9902,6.1607,0.0076,0.4611,0.0832,0,0,0.0076,33.3359,0.0076,0.8542,0.3704,21.8,"17",0.0823832625833839,0.00234990903577926,0.0640539721043056,0.015979381443299,6596000,"%"
"Niger",0.0061,7.6195,0.0244,0,22.2968,0.0427,0.3602,0.2686,3.1321,3.474,0.5922,4.1028,13.1876,0.1587,0.2625,0.0549,0,0,0,42.3774,0,2.0209,0.0183,4.7,"16.5",0.00502294431353094,0.000285253627682004,0.00466327669601885,7.44139898300881e-05,24189000,"%"
"Nigeria",0.456,6.3757,0.0089,0,24.4299,0.6349,2.3786,0.7154,2.4323,0.5991,0.3219,3.0135,5.723,0.5097,5.9734,0.0179,0,0,0.2236,43.6287,0,2.5306,0.0268,7.8,"13.4",0.030072766081304,0.000548171145823227,0.0278766857475502,0.00164790918793053,206140000,"%"
"North Macedonia",0.2603,20.409,0.0558,0,17.4032,1.0226,0.9854,0.9173,8.3173,9.0796,0.9482,1.159,1.8903,0.4648,1.6362,0.9049,0,0,0.3967,29.5941,0.0248,4.3694,0.1611,23.9,"3.2",1.29586538461538,0.0441826923076923,0.895528846153846,0.356153846153846,2080000,"%"
"Norway",0.3223,29.2815,0.3132,0,11.9831,1.6431,6.7042,0.6763,10.4943,9.7681,0.3586,1.1075,1.6704,0.0545,1.044,1.0894,0,0,0.3677,20.7208,0.1135,1.1983,1.0894,25,"<2.5",0.332448487098571,0.00517913495452014,0.220215333209579,0.107054018934472,5387000,"%"
"Oman",0.0294,24.7856,0.0294,0,16.4454,1.4155,4.5695,2.4257,9.462,8.6221,0.6872,0.2819,1.439,0.5697,0.6402,0.3759,0,0,0.1762,25.2203,0.0059,2.6724,0.1468,22.9,"6.8",2.39618077657543,0.0249098238913643,2.10647146191386,0.26479949077021,4713000,"%"
"Pakistan",0,21.0264,0.0604,0,20.8679,0.7472,0.4151,0.2868,4.483,14.6868,0.634,2.3547,2.9509,0.4075,0.566,0.3019,0.0377,0.0226,0.1057,28.9736,0.1132,0.9358,0.0226,7.8,"20.3",0.148729066714945,0.00305014936181769,0.140796143749434,0.00488277360369331,220940000,"%"
"Panama",0.4278,26.5459,0.1006,0.0063,16.5629,1.0316,3.1075,0.9058,13.7447,7.3725,1.1889,1.3776,2.0759,0.0315,0.4466,0.3208,0,0.0126,0.1258,23.4447,0.0315,0.6605,0.4781,22.5,"10",3.01657716553817,0.0614756012141023,2.4569460658417,0.498155498482372,4283000,"%"
"Paraguay",0.4165,23.353,0.1458,0,15.4044,2.2839,0.8678,0.6178,13.2107,4.665,2.1798,1.201,3.5196,0.0347,1.8813,2.5824,0,0,0.0069,26.6435,0.0069,0.8469,0.1319,19,"10.7",0.821419710544452,0.0180427291523088,0.547691247415576,0.255685733976568,7255000,"%"
"Peru",0.2423,18.8205,0.0064,0,18.8078,1.5493,4.6541,0.7013,7.6251,3.4173,1.5684,1.7469,3.685,0.0446,3.634,0.5802,0,0,0.0446,31.1763,0.0128,1.6066,0.0765,19.1,"9.7",2.70751584206678,0.104036680477699,2.44895807945406,0.154521082135023,32824000,"%"
"Philippines",0.1914,20.5089,0.3191,0,23.277,1.0211,6.6369,1.2763,9.6682,1.6273,1.2444,0.694,0.6063,0.0798,0.6142,0.4068,0,0.0319,0.2632,29.4911,0,1.9863,0.0558,6,"13.3",0.337675326927113,0.00636697967713381,0.299354815159562,0.0319535320904171,109581000,"%"
"Poland",0.7325,26.8833,0.5045,0,16.5268,1.0235,2.6777,0.4657,15.7313,6.8785,0.0728,0.2619,0.5918,0.0534,2.1635,0.3056,0,0,0.1601,23.1142,0.0631,1.79,0,25.6,"<2.5",0.661196830692244,0.0115669307756464,0.29352324854045,0.356106651376147,38368000,"%"
"Portugal",0.2926,31.7568,0.3581,0,11.8389,1.166,6.7383,0.8385,14.695,7.8606,0.9389,0.1528,0.8472,0.0437,1.2402,0.6201,0,0.0044,0.3275,18.241,0.0393,1.9564,0.0437,23.2,"<2.5",1.15734763529985,0.0225841053144807,0.671643100926377,0.463120429058996,10255000,"%"
"Republic of Moldova",0.3236,24.3154,0.2052,0,20.4719,1.8388,2.557,0.513,9.9676,9.0285,0.7182,0.1026,0.363,0.0158,1.5784,0.2525,0,0,0.0316,25.6886,0.0158,1.8073,0.2052,20.1,NA,2.02271570014144,0.0476661951909477,1.47920792079208,0.495841584158416,3535000,"%"
"Romania",0.5856,24.4846,0.0656,0,17.4756,2.0943,0.7871,0.6559,9.8154,10.9445,0.7777,0.253,0.595,0.417,2.0287,0.417,0,0.0141,0.1921,25.5201,0.0187,2.7314,0.1265,24.5,"<2.5",1.0895899381529,0.033215529338392,0.778239176757965,0.278135232056546,19241000,"%"
"Russian Federation",0.3436,27.3905,0.0834,0,16.2085,2.3071,3.2496,0.4123,12.6006,8.1632,0.9817,0.3682,0.7559,0.0344,2.4102,0.3534,0,0.0049,0.0393,22.6095,0.0245,1.615,0.0442,25.7,"<2.5",1.02475380452932,0.017634070045593,0.772007660171877,0.235112074311845,146733000,"%"
"Rwanda",0.5486,7.3852,0.0084,0,9.2421,0.0928,2.1185,3.8656,3.0047,1.6796,0.4895,2.0594,18.2478,0.0675,7.6384,0.0506,0,0,0,42.6148,0,0.8693,0.0169,4.8,"36.8",0.0391136504014824,0.000262507720815318,0.0372915379864114,0.00155960469425571,12952000,"%"
"Saint Kitts and Nevis",0.3183,32.0169,0.1104,0,10.9516,0.7795,5.177,0.8444,19.6622,5.151,1.1432,0.8639,2.28,0.1884,0.708,0.1234,0,0,0.2079,17.9799,0.0585,0.8574,0.5781,23.1,NA,0.0351851851851852,0,0.0351851851851852,0,54000,"%"
"Saint Lucia",0.3355,30.1926,0.0578,0,12.7653,0.5784,5.437,0.7577,18.0172,4.795,1.3072,0.856,2.3367,0.3297,0.6709,0.2082,0,0,0.1504,19.8161,0.0463,0.9312,0.4107,19.8,NA,0.0296703296703297,0,0.0148351648351648,0.0148351648351648,182000,"%"
"Saint Vincent and the Grenadines",0.1677,27.105,0.028,0,14.0613,0.738,2.9408,1.3195,17.9582,4.8362,0.6094,0.5591,2.8682,0.3075,1.1741,0.3522,0,0,0.1118,22.8894,0.028,1.4481,0.4976,23.8,"5.7",0.0657657657657658,0,0.0594594594594595,0.00630630630630631,111000,"%"
"Samoa",0.1866,30.9096,0.1341,0.1341,8.4665,0.4023,7.3761,1.6968,19.3878,2.793,0.6822,3.5918,0,0.1574,3.586,0.5248,0,0.0058,0.0292,19.0904,0.0058,0.5364,0.3032,45.5,"2.7",NA,NA,NA,NA,2e+05,"%"
"Sao Tome and Principe",0.0672,15.2065,0.0576,0,22.1614,0.1921,8.3285,4.6494,4.9952,1.5178,0.1153,3.1412,2.2094,0.0576,1.6523,0.0288,0,0,0.0096,34.7935,0.0192,0.586,0.2113,10.6,"7",0.447619047619048,0.00714285714285714,0.42952380952381,0.010952380952381,210000,"%"
"Saudi Arabia",0,21.1377,0.1371,0,22.5827,1.1194,1.7362,1.2279,11.3199,6.3967,0.4284,0.2741,1.8276,0.4112,0.3141,0.4512,0,0,0.2799,28.8594,0.0057,1.0966,0.3941,35,"7.1",0.984204217916155,0.015113723923404,0.945549499158129,0.0235409948346223,35041000,"%"
"Senegal",0.0247,10.7308,0.0165,0,31.8542,0.3877,4.19,0.2309,4.3632,1.0805,0.7011,2.3095,2.095,0.1567,0.6186,0.2062,0,0,0.1485,39.2692,0.0165,1.5589,0.0412,7.4,"11.3",0.0928750597228858,0.00191710463449594,0.0851290014333493,0.00582895365504061,16744000,"%"
"Serbia",0.4242,24.2531,0.0545,0,19.2473,1.6847,1.1272,0.8666,10.9024,9.4722,1.006,0.5394,0.9878,0.0667,0.9999,0.5697,0,0.0061,0.2242,25.75,0.0364,1.7575,0.0242,23.5,"5.7",0.567572229409228,0.0113842173350582,0,0.55618801207417,6957000,"%"
"Sierra Leone",0.0359,11.9253,0,0,24.7486,0.3592,6.5733,0.449,2.694,1.9037,0.3951,2.3527,5.0916,0.1976,2.9813,0.1437,0,0,0.2335,38.0747,0.009,1.7241,0.1078,7.5,"25.6",0.0294095524633321,0.0009276670427479,0.02240190547825,0.00607997994233421,7977000,"%"
"Slovakia",0.7973,29.4291,0.9807,0,12.8688,3.0856,2.1049,0.606,13.8574,8.2842,1.1162,0.9727,0.6697,0.1515,1.7621,0.6618,0,0.0159,0.3189,20.5789,0.0558,1.5468,0.1355,22.4,"3.4",0.802691321860124,0.00291102160380813,0.182350787257415,0.617429512998901,5462000,"%"
"Slovenia",0.5488,27.4912,0.6606,0,15.5089,1.5092,1.6515,0.7978,12.7954,9.9853,0.8842,0.4624,0.6301,0.1779,1.1179,0.8689,0,0.0051,0.498,22.5062,0.0356,1.6769,0.188,22.5,"<2.5",1.09129814550642,0.0114122681883024,0.400570613409415,0.679315263908702,2103000,"%"
"Solomon Islands",0.1398,14.7782,0.0839,0.0186,15.0205,0.3168,9.1129,0.5498,3.9415,1.0622,0.2423,1.9847,5.4603,0.1398,10.9672,0.1677,0,0,0.0839,35.2218,0,0.4752,0.2329,20.5,"8.9",0.000559440559440559,0,0.00041958041958042,0.00013986013986014,715000,"%"
"South Africa",0.4676,20.7182,0.006,0,24.8966,1.2409,0.9712,0.2278,13.914,2.9615,1.6246,1.157,0.6235,0.1319,0.7793,0.1679,0,0,0.03,29.2848,0,0.7973,0,27,"6.2",1.20055678540283,0.0318105587978802,1.08366874622661,0.0850774803783457,59628000,"%"
"Spain",0.4855,31.0583,0.0607,0,11.2506,2.012,5.7607,0.7096,15.2747,7.2732,0.6769,0.6022,1.3631,0.0187,1.1157,0.6396,0,0.0047,0.6302,18.9394,0.014,2.1101,0,27.1,"<2.5",2.19614149259998,0.072954760155348,0.31568384591162,1.80750288653301,47635000,"%"
"Sri Lanka",0.0699,14.5498,0,0,23.7396,1.0176,7.4963,0.5438,2.4314,3.2083,0.3884,2.4703,4.4589,1.3284,0.4816,0.6448,0,0,0.1631,35.4541,0,1.5148,0.0388,5.4,"9",0.0358845785658932,7.2936135296531e-05,0.0173360076582942,0.0184756347723025,21937000,"%"
"Sudan",0,15.5619,0.0147,0,23.8327,0.2578,0.2283,0.9648,5.9434,8.2192,0.9059,1.7823,5.0302,0.0884,0.5082,0.2504,0.0295,0,0,34.4307,0,1.9296,0.0221,7.4,"20.1",0.0313393691988415,0.00190882346233666,0.0154256653515474,0.0140048803849575,43849000,"%"
"Suriname",0.2987,20.4911,0.0166,0,20.7234,1.4186,3.924,1.3274,11.2992,3.559,0.2821,1.7007,1.0204,0.0747,0.8794,0.3484,0.0166,0,0.0581,29.5006,0.0249,2.4224,0.6139,26.5,"8.5",0.854545454545454,0.0180165289256198,0.831735537190083,0.00479338842975207,605000,"%"
"Sweden",0.3591,31.5441,0.527,0,12.2651,1.9867,3.9873,0.5829,13.3004,11.7101,0.028,0.5363,0.499,0.1213,1.054,1.0679,0,0.0047,0.3591,18.4582,0.0933,1.3431,0.1726,22.1,"<2.5",1.06576081719187,0.0571745205743471,0,1.00858629661752,10377000,"%"
"Switzerland",0.408,30.6026,0.0732,0.0052,13.2925,1.674,2.2651,0.7951,11.7127,14.1191,0.7585,0.4447,0.5964,0.1151,0.9207,0.2459,0,0.0105,0.8684,19.3974,0.0209,1.674,0,21.2,"<2.5",1.2005211952745,0.0241255501505675,0.646282140375261,0.530113504748668,8634000,"%"
"Taiwan*",0.2391,24.758,0.035,0.0175,12.9738,2.4082,4.5073,0.7813,14.793,2.4431,0.5598,6.0058,0.9329,0.2041,0.2391,0.3557,0.0117,0,0.5364,25.2362,0.0058,2.8571,0.0991,NA,"3.5",0.00232952138924185,2.96484540448962e-05,0.00212621770436256,0.000173655230834392,23610000,"%"
"Tajikistan",0.009,12.1401,0,0,28.2246,0.6499,0.0903,0.5777,5.5601,4.8921,0.9568,0.6679,1.4803,0.0903,1.2546,0.2437,0,0,0.1354,37.8554,0.009,5.0546,0.1083,12.6,NA,0.114285714285714,0.000859051861279033,0.104878566125782,0.00854809629865309,9429000,"%"
"Thailand",0.336,21.4555,0.0246,0.0328,19.8574,3.188,8.2855,0.9916,7.3431,2.0406,0.5491,1.9423,1.2375,1.8604,0.4507,0.3524,0,0,0.1147,28.5363,0.0164,1.3522,0.0328,10.8,"7.8",0.00561517419665134,8.86764661676737e-05,0.00530555806054047,0.000220939669943187,66534000,"%"
"Timor-Leste",0.0433,13.5655,0.104,0,26.8711,0.2166,1.9491,0.2685,10.6289,0.2772,0.3812,2.157,3.6036,0.0866,1.0135,1.2474,0,0,0,36.4432,0.0087,0.9356,0.1992,2.9,"24.9",0.00220030349013657,0,0.00212443095599393,7.58725341426404e-05,1318000,"%"
"Togo",0.096,8.0251,0.0174,0,26.0904,0.2355,2.739,0.1221,3.9428,0.82,0.2791,1.4567,7.8768,0.1483,4.9721,0.1396,0,0,0,41.9749,0,0.8636,0.2006,7.1,"16.1",0.0265732576398116,0.000628095180577364,0.0193260055562266,0.00661915690300761,8279000,"%"
"Trinidad and Tobago",0.0945,24.9557,0.0532,0,16.7277,0.7442,4.0579,0.4725,13.5735,5.9657,0.5611,1.0514,3.2369,0.4135,1.0573,0.2008,0,0,0.2067,25.0443,0.0413,0.9864,0.5552,19.7,"5.5",0.402556610664719,0.00766983199415632,0.298392987582177,0.0964937910883857,1369000,"%"
"Tunisia",0.0657,14.2467,0.0909,0,25.144,1.1367,1.7834,0.8285,5.3804,5.4865,0.3688,1.1013,2.3795,0.3587,0.6366,0.4193,0,0,0.8538,35.7583,0.0657,3.8547,0.0404,27.3,"4.3",0.410213517148621,0.00688466711499664,0.0422999327505044,0.36102891728312,11896000,"%"
"Turkey",0.0692,17.6686,0.0395,0,20.5038,1.1558,0.6866,0.9879,7.2808,8.1403,0.3655,0.652,3.4675,0.3803,1.0768,0.5335,0,0.0049,0.8298,32.3339,0.0692,3.7145,0.0395,32.2,"<2.5",0.432068261342059,0.0117021149551572,0.375449323477077,0.0449168229098248,83737000,"%"
"Turkmenistan",0,21.5563,0.0485,0,24.3242,1.1201,0.4685,0.4254,12.3586,7.3613,0.1992,0.1992,0.4739,0.0054,0.7485,0.2746,0,0,0.0592,28.4437,0.0162,1.8255,0.0915,17.5,"5.4",NA,NA,NA,NA,6031000,"%"
"Uganda",0.7449,10.3906,0.0382,0,13.7809,0.2388,3.2184,2.6168,3.2948,3.0465,0.5539,2.6454,14.9938,0.0478,3.7341,0.0382,0,0,0,39.6046,0,0.9932,0.0191,4.1,"41",0.0250169432238036,0.000220808465053234,0.0160709210555082,0.00872521370324217,45741000,"%"
"Ukraine",0.3075,21.693,0.0696,0,20.3469,2.4542,1.8276,0.4525,9.074,7.6004,0.6672,0.0174,0.6672,0.0348,3.336,0.2031,0,0,0.1741,28.307,0.0464,2.692,0.029,26.1,"3.5",0.846672890037819,0.0157164057637991,0.352434295562258,0.478522188711762,41778000,"%"
"United Arab Emirates",0,20.4155,0.0606,0,16.2513,1.0294,2.9531,0.885,10.3405,5.4823,0.5496,0.8803,7.5411,0.5962,0.2189,0.2282,0,0,0.9875,29.5822,0.0047,1.756,0.2376,29.9,"2.6",1.27963796277357,0.00487829822049499,1.21631212926979,0.058447535283289,9778000,"%"
"United Kingdom",0.4758,28.108,0.0673,0,13.8546,1.6724,2.5181,0.7256,14.5754,8.8375,0.4325,0.7353,1.0909,0.173,1.9607,0.7785,0,0.0048,0.2979,21.8944,0,1.4657,0.3316,29.5,"<2.5",1.30559857057772,0.0669833234067898,0.00399791542584872,1.23461733174509,67160000,"%"
"United Republic of Tanzania",0.5436,7.8113,0.0084,0,19.244,0.0836,1.8567,1.4636,2.9857,2.877,0,2.9355,12.3693,0.0753,3.9977,0.0585,0,0.0084,0.092,42.1845,0,1.3883,0.0167,7.1,"30.7",0.00085211102554659,3.51558576355175e-05,0.000306358187966652,0.00051059697994442,59734000,"%"
"United States of America",0.2946,32.4775,0.0264,0.0044,10.4594,2.0048,2.3873,0.5935,18.0875,9.8791,0.0879,1.2706,1.0332,0.1231,1.064,0.6331,0,0.0747,0.4924,17.5247,0.0835,1.3981,0,37.3,"<2.5",2.61792723370458,0.0682764537192538,1.0376193623097,NA,329878000,"%"
"Uruguay",0.1599,26.7144,0.0178,0,16.4397,1.9187,1.5693,0.6573,11.7731,10.9203,0.5152,0.6455,1.06,0.0415,1.0897,1.6878,0,0.0059,0.0533,23.2856,0.0296,1.2496,0.1658,28.9,"<2.5",0.0807419994335882,0.00150099122061739,0.0665817048994619,0.0126593033135089,3531000,"%"
"Uzbekistan",0.0588,20.0246,0.0374,0,23.3709,1.0317,0.3582,0.7698,7.1952,10.5736,0.8286,0.1336,0.0107,0.016,1.2509,0.1604,0,0,0.1657,29.9781,0.0053,3.9985,0.0321,15.3,"6.3",0.191101422133786,0.0016064844618716,0.182913911160531,0.00658102651138292,34174000,"%"
"Vanuatu",0.0078,19.8713,0.0863,0,14.6387,0.6119,6.8016,1.1532,9.8533,1.6082,0.91,6.6761,0.0078,0.1177,5.7347,0.0863,0,0,0.0157,30.1247,0.0078,1.5847,0.102,23.5,"7.2",NA,NA,NA,NA,321000,"%"
"Venezuela (Bolivarian Republic of)",0.1955,22.5411,0.1244,0,21.6526,0.8707,2.6477,1.0662,11.8347,6.3083,0.7641,0.0444,1.9369,0,1.1195,0.3287,0,0.0178,0,27.4545,0.0533,1.0129,0.0267,25.2,"21.2",0.312672368650724,0.00269855123058125,0.293059870832606,0.0169139465875371,28645000,"%"
"Vietnam",0.1555,20.4466,0.1555,0.0056,18.5247,0.7665,5.7435,0.7165,11.0426,1.0887,1.6442,3.7994,0.9387,0.5221,0.2333,0.5444,0.0167,0.0056,0.3277,29.5617,0,3.7216,0.0389,2.1,"9.3",0.00121402363604237,3.63791329293517e-05,0.00109864981446642,7.89946886465923e-05,96209000,"%"
"Yemen",0,10.0122,0.0188,0,35.1179,0.432,0.9392,0.4884,5.9453,1.963,0.7232,0.2254,2.9398,0.0657,0.2066,0.3193,0,0,0.0188,39.9831,0,0.5448,0.0564,14.1,"38.9",0.00690672567558506,0.00200831489304634,0.00455978005766781,0.000338630724870918,29826000,"%"
"Zambia",0.4824,9.8925,0.0338,0,28.5182,0.5839,3.0126,0.0931,4.3158,1.0324,0.9139,8.0562,0.6431,0.0846,1.2863,0.0762,0,0,0,40.1117,0,0.8039,0.0592,6.5,"46.7",0.0876686248912097,0.00189295039164491,0.08256636205396,0.00320931244560487,18384000,"%"
"Zimbabwe",0.2929,11.3443,0.0391,0,33.1934,0.5077,1.0837,0.2636,6.6582,2.4114,0.6541,1.523,1.6987,0.0488,0.5467,0.2636,0,0,0.1367,38.6508,0.0293,0.5955,0.0586,12.3,"51.3",0.0556818946376909,0.00159456368162551,0.0524591266904393,0.00162820426562605,14863000,"%"
