"Country","Alcoholic Beverages","Animal Products","Animal fats","Aquatic Products, Other","Cereals - Excluding Beer","Eggs","Fish, Seafood","Fruits - Excluding Wine","Meat","Miscellaneous","Milk - Excluding Butter","Offals","Oilcrops","Pulses","Spices","Starchy Roots","Stimulants","Sugar Crops","Sugar & Sweeteners","Treenuts","Vegetal Products","Vegetable Oils","Vegetables","Obesity","Undernourished","Confirmed","Deaths","Recovered","Active","Population","Unit (all except Population)"
"Afghanistan",0,21.6397,6.2224,0,8.0353,0.6859,0.0327,0.4246,6.1244,0.0163,8.2803,0.3103,1.0452,0.196,0.2776,0.049,0.098,0,0,0.7513,28.3684,17.0831,0.3593,4.5,"29.8",0.104893649815043,0.00388923140156186,0.0876721126181669,0.0133323057953144,38928000,"%"
"Albania",0,32.0002,3.4172,0,2.6734,1.6448,0.1445,0.6418,8.7428,0.017,17.7576,0.2933,3.1622,0.1148,0,0.051,0.527,0,0,0.9181,17.9998,9.2443,0.6503,22.3,"6.2",0.675017618040874,0.0168076109936575,0.375405214940099,0.282804792107118,2838000,"%"
"Algeria",0,14.4175,0.8972,0,4.2035,1.2171,0.2008,0.5772,3.8961,0.0439,8.0934,0.1067,1.1983,0.2698,0.1568,0.1129,0.2886,0,0,0.8595,35.5857,27.3606,0.5145,26.6,"3.9",0.126570778005726,0.00431498974231801,0.0881371598620285,0.0341186284013797,44357000,"%"
"Angola",0,15.3041,1.313,0,6.5545,0.1539,1.4155,0.3488,11.0268,0.0308,1.2309,0.1539,3.9902,0.3282,0.0103,0.7078,0.1128,0,0,0.0308,34.701,22.4638,0.1231,6.8,"25",0.0288450894778919,0.000824057561035607,0.0107865444929586,0.0172344874238977,32522000,"%"
"Antigua and Barbuda",0,27.7033,4.6686,0,3.2153,0.3872,1.5263,1.2177,14.3202,0.0898,6.6607,0.1347,1.3579,0.0673,0.3591,0.0449,1.0549,0,0,0.202,22.2995,14.4436,0.2469,19.1,NA,0.126530612244898,0.00306122448979592,0.110204081632653,0.013265306122449,98000,"%"
"Argentina",0,30.3572,3.3076,0,1.3316,1.5706,0.1664,0.2091,19.2693,0,5.8512,0.1878,0.064,0.0213,0.0213,0.111,0.2475,0,0,0.1366,19.6449,17.3147,0.1878,28.5,"4.6",2.40339599356502,0.0636798378032924,1.97196597395156,0.367750181810168,45377000,"%"
"Armenia",0,29.6642,6.2619,0,2.5068,1.6196,0.2218,0.5468,10.8165,0.0361,10.4709,0.2734,0.6602,0.0774,0.0103,0.0567,1.8002,0,0,0.9542,20.3384,12.8127,0.8717,20.9,"4.3",2.63318673883627,0.0399188092016238,1.72219215155616,0.871075778078484,2956000,"%"
"Australia",0,24.1099,4.603,0,0.9908,0.7017,0.4515,0.4028,11.6002,0.052,6.5196,0.2339,1.2929,0.026,0.1007,0.0422,0.7926,0,0,1.6145,25.8901,20.3612,0.2144,30.4,"<2.5",0.106876601692941,0.00351401724004038,0.0978333462763066,0.00552923817659393,25754000,"%"
"Austria",0,27.8268,12.8517,0,1.2297,1.2147,0.4259,0.2249,8.1099,0,5.1497,0.075,1.1367,0.012,0.102,0.045,0.4439,0,0,0.8398,22.1762,17.9323,0.2039,21.9,"<2.5",0.90656271034328,0.0109827238052502,0.649068880412834,0.246511106125196,8914000,"%"
"Azerbaijan",0,32.1198,7.7987,0,5.4481,2.0197,0.2122,0.594,11.9993,0.017,9.9202,0.1612,0.1867,0.0255,0.017,0.1697,1.3663,0,0,2.2573,17.8802,7.1538,0.6534,19.9,"<2.5",0.494252077562327,0.0066383062920459,0.408379501385042,0.0792342698852394,10108000,"%"
"Bahamas",0,30.2259,4.56,0,3.6327,1.2829,1.4991,0.8995,17.4941,0.3556,5.1318,0.258,2.6077,0.0209,0.2719,0.0349,0.9343,0,0,0.4532,19.7741,10.1659,0.3974,32.1,NA,1.63104325699746,0.033587786259542,1.00458015267176,0.592875318066158,393000,"%"
"Bangladesh",0,9.8365,1.2369,0,6.9946,1.2664,2.1646,0.427,1.8407,0.0147,3.2249,0.1178,0.6332,0.5448,1.0602,0.2209,0.0295,0.0147,0,0.2651,40.1561,29.6422,0.3092,3.4,"14.7",0.234860931988293,0.00341736892626421,0.185565547173589,0.0458780158884394,169809000,"%"
"Barbados",0,25.8451,3.9733,0,2.1187,1.213,1.806,0.4636,13.1382,0.3235,5.6176,0.097,3.2616,0.2318,0.3181,0.1078,0.6038,0,0,0.7817,24.1576,15.6882,0.2534,24.8,"3.9",0.0790940766550523,0.0024390243902439,0.0724738675958188,0.00418118466898955,287000,"%"
"Belarus",0,23.8181,7.8662,0,4.8075,1.5772,0.5151,0.2316,11.5636,0.0519,2.0644,0.2316,0.4392,0,0.016,0.1957,0.8385,0,0,1.0462,26.1859,18.2119,0.3394,26.6,"<2.5",0.990112,0.010208,0.887861333333333,0.0920426666666667,9375000,"%"
"Belgium",0,26.7378,12.6234,0,1.3531,1.1703,0.6188,0.2373,5.6817,0,6.5057,0.1379,0.5226,0.0353,0.0994,0.077,0.0834,0,0,1.2056,23.2622,19.3504,0.2982,24.5,"<2.5",2.78793747286148,0.0938775510204082,0.200495006513244,2.49356491532783,11515000,"%"
"Belize",0,23.7877,9.8102,0,3.051,0.6759,0.4155,0.3039,10.3435,0.1984,2.5053,0.031,1.4511,0.3783,0.0496,0.031,0.8062,0,0,0.3845,26.2123,19.3538,0.2108,22.4,"7.5",0.750596658711217,0.0119331742243437,0.468019093078759,0.270644391408115,419000,"%"
"Benin",0,6.1742,0.4816,0,4.6952,0.2064,0.8599,0.1978,3.2849,0.0258,1.2469,0.0946,7.3007,0.6535,2.597,1.0835,0.1118,0,0,1.9176,43.8301,24.8775,0.3612,8.2,"10.1",0.0209435662216398,0.000335817839298878,0.019084282086985,0.00152346629535588,12209000,"%"
"Bolivia",0,30.4177,4.1685,0,2.7296,1.5174,0.1831,0.5407,21.1476,0.0436,3.2703,0.1395,1.3604,0.2093,0.1483,0.4796,0.7849,0,0,0.7413,19.5779,12.3485,0.1919,18.7,"17.1",1.21080546720536,0.0743144502707814,0.934049686237428,0.202441330697155,11633000,"%"
"Bosnia and Herzegovina",0,24.6478,2.4453,0,3.6588,0.8354,0.3049,0.5976,9.6957,0.0915,11.2629,0.1037,0.9208,0.2012,2.2196,0.1342,2.4819,0,0,0.9574,25.3552,13.2996,0.7866,19.4,"<2.5",1.24635781773849,0.0330996647363609,0.806430966168851,0.406827186833283,3281000,"%"
"Botswana",0,16.9634,4.131,0,7.183,0.2697,0.3622,0.1696,3.4759,0.1927,8.5241,0.2081,1.1715,0.1156,0.5472,0.1927,0.7399,0,0,0.1541,33.0328,22.3815,0.185,16.1,"26.4",0.25563228312473,0.000906344410876133,0.0400086318515322,0.214717306862322,2317000,"%"
"Brazil",0,24.8515,4.3627,0,1.1278,0.7706,0.1886,0.2528,14.292,0,5.1654,0.0763,1.7097,0.2528,0.008,0.1204,0.1164,0.0361,0.012,0.1766,25.1445,21.2153,0.1204,22.3,"<2.5",2.54028808566087,0.0740765395728287,2.13698610088191,0.329225445206126,211812000,"%"
"Bulgaria",0,27.1456,8.0274,0,1.8485,1.2201,0.3404,0.2723,9.3523,0.0262,7.9698,0.2356,1.6547,0.0471,0.6179,0.0367,0.1885,0,0,0.3404,22.8518,17.5787,0.2461,27.4,"3.6",0.546975602714018,0.015793272701025,0.264963187527068,0.266219142485925,6927000,"%"
"Burkina Faso",0,7.2367,0.5981,0,10.5524,0.4061,0.3692,0.0443,3.5741,0.0148,2.1636,0.1255,11.9406,0.5391,0.096,0.0369,0.0222,0,0,0.2658,42.7706,19.1774,0.0665,4.5,"20",0.011725589628283,0.000310960149260872,0.00965890063627231,0.00175572884274984,20903000,"%"
"Cabo Verde",0,21.9578,4.2923,0,5.1318,0.8468,0.5256,0.1898,9.9204,0.1679,6.2851,0.0803,1.4819,0.4526,0.9709,0.0949,0.4161,0,0,0.1752,28.0385,18.6656,0.3066,10.6,"12.6",1.51007194244604,0.0169064748201439,1.31025179856115,0.182913669064748,556000,"%"
"Cambodia",0,18.851,0.8839,0,9.4179,0.5639,4.8461,0.2438,11.7799,0.1372,0.6248,0.1372,8.2902,0.2743,0.5029,0.3657,0.061,0.0762,0,0.3048,31.149,11.2313,0.2591,3.5,"16.4",0.00185197134929341,0,0.0018261599019165,2.58114473769117e-05,15497000,"%"
"Cameroon",0,6.3264,0.7838,0,6.9796,0.0746,0.9051,0.7931,3.3685,0.028,1.1197,0.084,9.7509,0.8491,0.7465,0.5319,0.1213,0,0,0.1026,43.6689,23.2155,0.5505,9.5,"9.9",0.0810963230318069,0.00159786450109031,0.0756335062786676,0.00386495225204903,26598000,"%"
"Canada",0,23.1663,9.7895,0,1.544,1.2437,0.4244,0.4244,7.8211,0.062,3.8812,0.0065,2.36,0.1991,0.0979,0.0588,0.1795,0,0,1.211,26.8353,20.4733,0.222,31.3,"<2.5",0.57311861743912,0.0261717727153705,0.482309505106049,NA,38190000,"%"
"Central African Republic",0,18.5453,2.8767,0,2.7645,0.1122,0.5509,0.4998,12.9144,0.0102,1.7342,0.3468,7.0183,0.4794,0.0102,1.0609,0.0408,0,0,0,31.4598,19.4838,0.0918,6.3,"59.6",0.100662525879917,0.00128364389233954,0.0398343685300207,0.0595445134575569,4830000,"%"
"Chad",0,16.8564,3.1261,0,7.986,0.0701,0.648,0.0701,7.8546,0.0088,4.4308,0.7268,16.7863,0.5342,0,0.1926,0.0263,0,0,0,33.1436,7.5131,0.0263,4.8,"37.5",0.00851454642412751,0.000568821473010606,0.00751318362268176,0.000432541328435148,16877000,"%"
"Chile",0,32.5206,5.2608,0,3.1847,1.4085,0.5204,0.4186,20.2172,0.0339,5.0798,0.0396,1.1596,0.2093,0.0283,0.181,0.4356,0,0,0.7241,17.4737,10.844,0.2602,28.8,"2.7",2.57864920390344,0.071617873651772,2.45635336414997,NA,19470000,"%"
"China",0,31.0465,3.4468,0.0097,2.5989,2.3066,0.9817,0.2344,21.6062,0.1517,2.2156,0.4784,1.8351,0.0234,0.0676,0.0565,0.9362,0,0.0179,1.7979,18.9535,10.659,0.5763,6.6,"8.5",0.00649971298894383,0.000337924321780396,0.00613255275833669,2.92359088267487e-05,1402385000,"%"
"Colombia",0,21.4008,1.7819,0,1.7347,1.7819,0.3717,1.2273,11.3996,0.0177,5.9535,0.118,0.9854,0.1652,0.1239,0.2832,0.2655,0,0,0.5251,28.5992,23.0824,0.1829,22.1,"4.8",2.05461734487501,0.0606747026939568,1.83516503519133,0.158777606989726,49444000,"%"
"Congo",0,12.9993,0.339,0,2.7016,0.1377,1.854,0.837,9.6514,0.053,0.678,0.339,5.0429,0.1483,0.0106,1.0806,0.5191,0,0,0.0212,36.9954,26.0091,0.5827,8.4,"40.3",0.29713664371149,0.00719463573758608,0.260130482058717,0.0298115259151867,5518000,"%"
"Costa Rica",0,20.5571,6.1,0,1.6733,1.1492,0.9286,0.57,5.6449,0.0138,6.67,0.0552,1.0389,0.2436,0.0414,0.0506,0.4045,0,0.0138,0.354,29.4475,24.8736,0.1701,25.7,"4.8",2.01698297789082,0.0250831539816083,1.21379377812561,0.778106045783604,5111000,"%"
"Cote d'Ivoire",0,5.3253,0.2726,0,4.9709,0.4271,1.2268,0.5271,2.5809,0.0091,0.5634,0.2545,4.8891,0.1,0.6089,1.2359,1.9357,0,0,2.3355,44.6747,27.7354,0.3272,9,"19",0.0782043935052531,0.000466093600764088,0.0770429799426934,0.000695319961795606,26175000,"%"
"Croatia",0,29.3768,7.4457,0,2.9565,0.9476,0.5633,0.2577,11.4896,0,8.7951,0.131,1.8123,0.0175,0.0655,0.0393,2.6726,0,0,0.6987,20.6254,11.7123,0.393,27.1,"<2.5",0.90497512437811,0.0108706467661692,0.616890547263682,0.277213930348259,4020000,"%"
"Cuba",0,25.9025,3.2213,0,4.4779,1.4788,0.2638,0.6179,16.0233,0.0139,4.7695,0.1458,2.6937,0.6248,0.0417,0.3749,0.1458,0,0,0.0069,24.0975,14.5446,0.5554,26.7,"<2.5",0.0582040599237656,0.00113465118340573,0.0531690452974027,0.00390036344295718,11281000,"%"
"Cyprus",0,20.9578,1.8698,0,3.4616,1.0044,0.7309,0.3632,10.5506,0.1614,6.6945,0.1031,2.1164,0.0628,0.0538,0.0404,1.9236,0,0,0.8609,29.0467,19.7381,0.2601,22.6,"5.6",0.293703396851698,0.00207125103562552,0.155923777961889,0.135708367854184,1207000,"%"
"Czechia",0,25.1685,9.7011,0,1.1998,0.8222,0.3,0.187,8.6212,0.0212,5.6463,0.0776,0.4941,0.0353,0.0635,0.0565,0.9563,0,0,0.4164,24.8333,21.2267,0.1729,28.5,"<2.5",2.40851997013811,0.0205393803658081,0.908743934303845,1.47923665546846,10716000,"%"
"Denmark",0,35.4131,14.2498,0,1.4741,1.7484,1.1313,0.5257,9.2408,0,8.8142,0.2285,0.7161,0.0152,0.1752,0.0533,1.6874,0,0,1.1846,14.585,8.4752,0.2819,21.3,"<2.5",0.70102933607823,0.0120432321152856,0.557196774746955,0.131789329215989,5829000,"%"
"Djibouti",0,11.1065,1.3966,0,4.3977,0.2494,0.291,0.1247,5.121,0.1413,3.8573,0.1912,0.4323,0.557,0.3159,0.0333,0.5653,0,0,0.4157,38.8977,31.449,0.4572,12.2,"18.9",0.560323886639676,0.00617408906882591,0.546761133603239,0.00738866396761134,988000,"%"
"Dominica",0,26.925,3.8063,0,1.4913,0.3619,1.6536,1.1856,13.7339,0.1123,7.232,0.1373,4.8172,0.1373,0.468,0.4867,1.7846,0,0,0.0312,23.0812,12.3237,0.2309,28.2,"6.2",0.0527777777777778,0,0.0402777777777778,0.0125,72000,"%"
"Dominican Republic",0,15.2779,2.2261,0,1.4528,1.1248,0.2484,3.6133,7.3718,0.0422,4.1194,0.1875,2.9103,0.1921,0.0609,0.0797,0.2906,0,0,0.0703,34.7221,25.8881,0.1218,26.9,"9.5",1.18597142857143,0.0211714285714286,0.977628571428572,0.187171428571429,10500000,"%"
"Ecuador",0,20.9283,4.7198,0,3.6672,1.0246,0.2519,0.4367,8.7453,0.028,6.0803,0.1008,0.8566,0.0616,0.0392,0.084,0.1848,0,0,0.0784,29.0745,23.5541,0.084,19.3,"7.9",0.923048369596254,0.0716863685683285,0.809542573239678,0.0418194277882474,17511000,"%"
"Egypt",0,15.9979,3.4231,0,13.4988,0.8448,1.32,0.7216,6.4678,0.0088,3.6343,0.2992,4.4615,0.1584,0.2376,0.1936,0.0792,0.0704,0,0.2992,34.0109,13.6132,0.66,31.1,"4.5",0.105691298870073,0.0061496185629396,0.0981151354622382,0.00142654484489549,100803000,"%"
"El Salvador",0,23.3032,6.3901,0,8.1958,1.6034,0.4514,1.4321,6.6547,0.1012,8.1491,0.0545,5.0669,0.5837,0.0311,0.1401,0.3269,0,0,0.1167,26.6968,10.2506,0.4514,22.7,"9",0.50277734917451,0.0146428020367227,0.436012960962814,0.052121586174973,6481000,"%"
"Estonia",0,33.219,6.5339,0,2.8982,1.583,0.2818,0.3805,10.4279,0.0188,14.275,0.1174,0.3664,0.0658,0.1926,0.0892,2.7855,0,0,1.2495,16.7833,8.4457,0.2865,23.8,"2.9",0.331404958677686,0.00548459804658152,0.259729526671675,0.066190833959429,1331000,"%"
"Eswatini",0,20.8055,3.1415,0,12.0023,0.4718,0.3682,0.4718,11.1162,0.1151,5.4315,0.2762,3.4062,0.2071,0.817,0.3222,0.0575,0,0,0.6559,29.1945,10.9436,0.1956,13.5,"20.6",0.530253623188406,0.0105072463768116,0.498369565217391,0.0213768115942029,1104000,"%"
"Ethiopia",0,11.1691,1.4358,0,11.3929,0.2238,0.0559,0.4102,4.1768,0,5.1091,0.1678,2.6851,2.5545,2.6851,0.8018,0.0186,0,0,0.7459,38.8216,17.4156,0.1305,3.6,"20.6",0.0812271572278882,0.0012409064011974,0.041371958648056,0.0386142921786348,114916000,"%"
"Fiji",0,20.0472,7.6883,0,1.5114,0.5773,1.4694,0.084,8.423,0.0262,1.7948,0.0945,8.9635,0.2991,0.1312,0.3569,0.4408,0,0,0.1469,29.9554,17.8168,0.1732,30,"3.7",0.00368303571428571,0.000223214285714286,0.00334821428571429,0.000111607142857143,896000,"%"
"Finland",0,36.725,6.3787,0,1.7872,0.8524,0.9384,0.2901,16.6649,0.1146,11.8155,0.0788,0.6017,0.0179,0.043,0.0537,0.7844,0,0,0.5157,13.2732,8.8607,0.2041,24.9,"<2.5",0.268547657804305,0.00638451799602098,0.17724724181588,0.0849158979924037,5529000,"%"
"France",0,30.2594,9.1996,0,1.4334,0.9894,0.8752,0.3869,11.0864,0.0159,7.9533,0.1554,0.685,0.0254,0.0285,0.0412,0.6279,0,0,0.853,19.7406,15.4658,0.1776,23.2,"<2.5",1.74028795811518,0.0533923621804743,0.176368955959347,1.51052663997536,64940000,"%"
"French Polynesia",0,25.1596,4.6648,0,3.7271,0.822,1.5842,0.1995,14.0782,0.2913,3.8827,0.1277,4.7566,0.0399,0.02,0.0758,1.269,0,0,0.3192,24.8404,14.0024,0.1397,NA,"4.2",NA,NA,NA,NA,280000,"%"
"Gabon",0,19.2656,0.7379,0,4.1074,0.1956,2.0359,0.6401,13.4068,0.1422,2.2937,0.5957,8.9438,0.0089,0,0.5779,0.7112,0,0,0.0178,30.7344,15.3805,0.2045,13.4,"10.5",0.39977588525325,0.00242043926490363,0.381532944867772,0.0158225011205737,2231000,"%"
"Gambia",0,6.0418,0.2548,0,4.9416,0.2113,1.3488,0.0373,1.3488,0.0622,2.8468,0.0311,12.4751,0.0311,0,0.0124,0.0995,0,0,0.2362,43.9582,25.9883,0.0746,8.7,"10.2",0.15142738932561,0.00492345883326438,0.110053785684733,0.0364501448076127,2417000,"%"
"Georgia",0,25.2749,7.2612,0,4.5695,1.1781,0.4284,0.2071,7.2326,0.1071,9.0818,0.1,0.6854,0,0.0714,0.0928,2.7774,0,0,1.1566,24.718,14.8579,0.1999,23.3,"7.9",0.765302826379542,0.00541049798115747,0.289825033647375,0.470067294751009,3715000,"%"
"Germany",0,28.1419,11.0084,0,1.1778,1.0462,0.7019,0.2632,8.9127,0,6.4289,0.0472,0.8909,0.0101,0.0844,0.0607,0.6614,0,0,1.6739,21.8581,16.8163,0.216,25.7,"<2.5",0.525447779111645,0.0120792316926771,0.384158463385354,0.129210084033613,83300000,"%"
"Ghana",0,7.6875,0.806,0,5.6789,0.3472,2.7774,1.2151,3.1618,0.0496,0.4216,0.1736,10.9113,0.3968,1.2771,2.0087,0,0,0,0.0868,42.3063,20.4464,0.248,9.7,"5.5",0.153477295401152,0.00101696006178998,0.15089305828211,0.00156727705725228,31073000,"%"
"Greece",0,17.9063,1.6989,0,1.328,0.7749,0.3245,0.2484,6.6267,0.0298,8.3355,0.1424,1.8413,0.0795,0.0497,0.0431,0.7749,0,0,1.881,32.097,25.5332,0.2848,27.4,"<2.5",0.287682242990654,0.00536448598130841,0.012588785046729,0.269728971962617,10700000,"%"
"Grenada",0,23.0842,2.4889,0,1.4883,1.444,1.2856,2.8436,12.9576,0.1267,4.8195,0.0823,3.3186,0.19,0.8803,0.0697,0.874,0,0,0.1393,26.9158,16.8841,0.1077,20.2,NA,0.0247787610619469,0,0.0212389380530973,0.00353982300884956,113000,"%"
"Guatemala",0,15.4397,1.7622,0,9.3956,2.6186,0.1482,1.2516,7.0735,0.0247,3.7385,0.0988,3.7879,0.5764,0.1235,0.0247,0.3788,0,0,0.9305,34.5603,17.8113,0.2553,18.8,"15.2",0.580023248090335,0.0201704859957932,0.521515554079486,0.0383372080150559,18066000,"%"
"Guinea",0,6.0747,0.7557,0,4.7086,0.3125,0.5014,0.3415,2.8993,0.0363,1.4896,0.1163,6.6633,0.1744,0,0.3343,0.2616,0,0,0.0073,43.9253,30.6133,0.7848,6.6,"16.5",0.0926353503184713,0.000565286624203822,0.0833917197452229,0.00867834394904459,12560000,"%"
"Guinea-Bissau",0,10.8323,0.6274,0,2.8828,0.1509,0.0715,0.2938,8.0527,0.0556,1.8027,0.1271,1.7154,0.0794,0,0.1985,0.2224,0,0,3.3116,39.1677,30.3288,0.0794,8.2,"28",0.124701608718215,0.00212765957446809,0.0943435391800726,0.0282304099636741,1927000,"%"
"Guyana",0,22.7418,1.002,0,2.9072,0.334,1.169,1.503,12.555,0.0911,7.6287,0.0531,9.3518,0.3871,0.8653,0.129,0.9261,0,0,0.8805,27.2582,9.0633,1.1538,19.2,"8.1",0.511181702668361,0.0151207115628971,0.377382465057179,0.118678526048285,787000,"%"
"Haiti",0,12.1462,1.7481,0,5.7517,0.1353,0.3722,1.6804,7.8944,0.0564,1.8608,0.1353,3.3157,0.8458,0,0.5526,0.3609,0,0.0226,0,37.8482,25.1494,0.1241,20.5,"49.3",0.0791546084363764,0.0020345523107954,0.0646584232219591,0.0124616329036219,11403000,"%"
"Honduras",0,16.7113,2.6611,0,8.3159,0.7448,0.1302,0.376,7.8603,0.0651,5.2281,0.0868,0.5857,0.4194,0.0289,0.0217,0.3833,0,0,0.1012,33.2924,22.8722,0.1157,19.4,"12.9",0.944991889699919,0.0265916463909165,0.385198702351987,0.533201540957015,9864000,"%"
"Hungary",0,28.9972,12.3082,0,1.2735,1.2018,0.1954,0.127,10.0576,0,5.2308,0.0033,0.3583,0.0391,0.1107,0.0391,0.7393,0,0,0.0456,21.0012,18.0699,0.2019,28.6,"<2.5",0.606603870175079,0.0145899457356404,0.166294665711068,0.425719258728371,9767000,"%"
"Iceland",0,34.4402,7.1086,0,4.3005,0.8991,1.6872,0.4975,13.6029,0.1199,11.0046,0.1349,0.8931,0.012,0.1079,0.03,1.5254,0,0,0.5005,15.5628,7.4053,0.1678,23.1,"<2.5",1.20869565217391,0.00298913043478261,0.922554347826087,0.283152173913043,368000,"%"
"India",0,16.0538,7.4859,0,5.1196,0.7653,0.3783,0.4046,0.9061,0,6.4919,0.0264,3.7386,1.1084,0.8005,0.0792,0.0176,0,0,0.5014,33.9462,21.7804,0.3958,3.8,"14.5",0.56495671737733,0.00850039282908364,0.509765588172273,0.0466907363759731,1400100000,"%"
"Indonesia",0,9.1722,0.7049,0,6.6871,1.4549,2.5122,0.7139,3.6237,0,0.7049,0.1627,7.3649,0.0452,0.3886,0.3072,0.497,0,0.0633,0.3976,40.8368,24.0918,0.2711,6.9,"8.3",0.143414084838761,0.00489403434913649,0.1154652074233,0.0230548430663247,271739000,"%"
"Iran (Islamic Republic of)",0,16.9273,6.0372,0,5.5867,1.3259,0.6114,0.6243,6.1724,0,2.6389,0.1416,0.4055,0.2961,0.2124,0.1738,0.0451,0,0,4.9044,33.0759,20.2935,0.5278,25.5,"4.9",0.67604991087344,0.0387593582887701,0.540765300059418,0.0965252525252525,84150000,"%"
"Iraq",0,11.1327,3.8118,0,6.2761,1.9023,0.1441,0.2306,3.5164,0.0432,1.7366,0.0288,0.9584,0.1369,0.0576,0.0288,0.7278,0,0,0.6341,38.8673,29.6152,0.1513,27.4,"29",1.13708495909377,0.0267413467589679,0.959972309628697,0.150371302706104,39725000,"%"
"Ireland",0,27.1689,8.6472,0,2.7091,0.9231,0.9372,0.2829,10.0477,0.0283,6.5464,0.0707,0.863,0.0389,0.0707,0.0531,1.5137,0,0,0.8417,22.8329,16.1839,0.2405,26.9,"<2.5",1.14187487507495,0.0376174295422746,0.466999800119928,0.637257645412752,5003000,"%"
"Israel",0,15.8138,1.2809,0,1.6083,0.87,0.5746,1.6051,8.1541,0.0257,4.8443,0.0867,3.0787,0.1605,0.061,0.0353,0.8315,0,0,1.3194,34.1862,25.1782,0.2857,26.7,"<2.5",3.36312934027778,0.0260091145833333,3.18043619791667,0.156684027777778,9216000,"%"
"Italy",0,21.8727,5.3931,0,1.3598,1.0529,0.7327,0.2541,8.7134,0.0198,5.9146,0.0627,0.4753,0.0858,0.0099,0.0297,0.1056,0,0,1.4324,28.1306,24.127,0.2277,22.9,"<2.5",0.872001459466631,0.0619245057715271,0.441493631418336,0.368583322276768,60296000,"%"
"Jamaica",0,23.0867,6.1721,0.0064,2.2375,0.3242,1.2204,0.4322,9.5156,0.1081,5.7081,0.1462,3.4389,0.089,1.4302,0.2161,0.3496,0,0,0.1398,26.9133,18.1732,0.2924,24.4,"8",0.310217159131363,0.00669277322890708,0.152438590245639,0.151085795656817,2809000,"%"
"Japan",0,19.4516,1.9098,0.0057,1.8642,3.1241,3.2666,0.1881,7.8331,0.0285,3.2096,0.1026,2.9816,0.0342,0.1425,0.0513,0.8266,0.0057,0,0.6499,30.5456,23.4308,0.3478,4.4,"<2.5",0.0770797113529734,0.00136226154469028,0.0703438202068796,NA,125967000,"%"
"Jordan",0,12.2622,1.8696,0,3.7391,0.5224,0.3189,0.198,5.8122,0.0385,3.6512,0.088,2.5074,0.2584,0.1155,0.055,0.5994,0,0,0.9018,37.7378,29.0553,0.2694,33.4,"12.2",0.497115834815994,0.00542185597902425,0.0703062084464837,0.421387770390486,10679000,"%"
"Kazakhstan",0,23.4158,3.0343,0,1.7405,0.8975,0.1321,0.1787,9.674,0.0389,9.5031,0.1748,0.6488,0.0078,0.0272,0.1088,0.9946,0,0,0.7654,26.5822,21.7258,0.3497,21.3,"<2.5",0.590123852231476,0.0095878710228486,0.564141575912876,0.0163944052957506,18732000,"%"
"Kenya",0,17.7332,1.8742,0,9.9701,0.3438,0.2773,1.0757,6.5654,0,8.4951,0.1885,1.6746,0.8429,0.0555,0.2551,0.0665,0,0,0.5989,32.2724,17.5003,0.2107,6,"29.4",0.0928878344044239,0.00168509938723659,0.0639086085786878,0.0272941264384995,53528000,"%"
"Kiribati",0,10.5699,0.7467,0,1.956,0.265,3.0833,0.3517,6.1955,0.0434,0.2553,0.0193,28.5639,0,0.0145,0.2409,0.0193,0,0,0.8094,39.4325,7.2939,0.1397,45.6,"2.7",NA,NA,NA,NA,125000,"%"
"Korea, North",0,11.4709,0.0262,0,7.2234,1.6911,0.5375,0.6424,8.7179,0.0131,0.4195,0.0918,0.9832,0.6555,0,0.3146,0.0393,0,0,0.0262,38.516,27.5957,1.0357,7.1,"47.8",NA,NA,NA,NA,25779000,"%"
"Korea, South",0.0976,20.0483,4.2523,0.0511,1.8403,1.3524,1.9147,0.1766,11.186,0,1.1386,0.1534,1.8914,0.0186,0.0372,0.0325,0.237,0,0,1.2036,29.9563,23.7197,0.6924,4.9,"<2.5",0.050124563063672,0.000882563102296209,0.0461655819702207,0.00307641799115506,51781000,"%"
"Kuwait",0,19.8923,2.1588,0,3.0847,2.3242,0.3732,0.3496,9.5706,0.1086,5.2766,0.189,1.3416,0.1984,0.5385,0.0472,1.5353,0,0,1.181,30.1101,21.215,0.5055,37,"2.8",2.59294393519505,0.0159027925815391,2.40398635685355,0.173054785759966,4691000,"%"
"Kyrgyzstan",0,29.1225,3.4472,0,4.0964,0.8655,0.0895,0.2388,10.1776,0.0448,14.2068,0.3358,0.0895,0.194,0.097,0.1865,2.1564,0,0,1.5893,20.8849,11.461,0.7163,15.4,"7.1",0.845465574764938,0.0171974522292994,0.722111010009099,0.106157112526539,6594000,"%"
"Lao People's Democratic Republic",0,21.6306,3.9594,0,9.0989,0.4974,1.6871,0.8777,15.0283,0.0878,0.2243,0.2243,5.6076,0.1365,1.0435,0.3121,0.078,0.1853,0,0.0683,28.3792,9.762,1.1118,4.5,"16.5",0.000331400165700083,0,0.000303783485225076,2.76166804750069e-05,7242000,"%"
"Latvia",0,30.439,10.443,0,1.5314,1.343,0.8819,0.2526,9.7976,0.0361,7.8613,0.1122,0.6334,0,0.0321,0.1323,2.0044,0,0,0.8819,19.563,13.7943,0.2606,25.7,"<2.5",0.245951629863302,0.00294426919032597,0.0713459516298633,0.171661409043113,1902000,"%"
"Lebanon",0,12.4024,2.1637,0,2.253,0.329,0.3681,0.58,5.1361,0.039,4.3553,0.0502,2.8385,0.2175,0.0836,0.1171,0.725,0,0,2.911,37.5976,27.4593,0.3736,31.3,"11",1.04600732600733,0.00827838827838828,0.509934065934066,0.527794871794872,6825000,"%"
"Lesotho",0,12.96,0.529,0,18.3763,0.2415,0.253,0.1495,9.1881,0.046,2.4149,0.345,0.782,0.4025,0.391,0.184,0.1495,0,0,0.0345,37.0285,16.3523,0.1725,13.5,"13.1",0.0905695611577964,0.00200746965452848,0.0452847805788982,0.0432773109243697,2142000,"%"
"Liberia",0,7.4228,0.4154,0,3.3592,0.2528,0.3702,0.1445,6.0051,0.0361,0.2438,0.1355,1.5803,0.0361,0,0.307,0.1174,0,0,0.3883,42.5772,36.4186,0.1896,8.6,"37.2",0.0275405298536971,0.00162119414788454,0.0252669039145907,0.000652431791221827,5058000,"%"
"Lithuania",0,32.3048,9.388,0,1.7819,1.9226,1.238,0.3283,14.2134,0.0094,5.4302,0.1125,0.8441,0.2345,0.197,0.061,0.3423,0,0,0.9238,17.6975,12.7128,0.2579,28.4,"<2.5",0.364495347172513,0.00479599141016464,0.145776664280601,0.213922691481747,2794000,"%"
"Luxembourg",0,32.4517,6.4786,0,1.8437,1.6645,0.6987,0.3256,16.3118,0.0658,7.2286,0.0658,0.6402,0.0146,0.1646,0.0329,3.3838,0,0,0.128,17.5519,10.6855,0.2634,24.2,"<2.5",2.03338607594937,0.0223101265822785,1.4375,0.573575949367089,632000,"%"
"Madagascar",0,19.0932,1.7454,0,10.0681,0.3406,0.745,1.2984,11.5581,0.0213,4.4274,0.298,1.5113,0.3193,0.2554,0.9153,0.1916,0.0213,0,0.2129,30.9068,15.8791,0.1916,4.5,"44.4",0.0612762269329385,0.000881152721100719,0.0588675020764869,0.00152757213535084,27691000,"%"
"Malawi",0,18.8711,2.6263,0,13.0891,0.2753,0.6672,1.3767,14.6458,0.0106,0.4024,0.2542,5.6232,0.7519,0.0529,1.3555,0.0318,0,0,0.2012,31.1236,8.4189,0.2224,4.7,"17.5",0.0307893361212755,0.000956612650287507,0.0276581285938317,0.0021745948771563,19130000,"%"
"Malaysia",0,17.1723,1.4813,0,2.2933,2.7596,1.8599,0.1756,9.8041,0.0713,1.2289,0.0329,1.7502,0.0658,0.6584,0.0329,0,0,0,0.3731,32.8304,27.174,0.2359,15.3,"2.5",0.0810377962844331,0.000698575394283274,0.0522680821207407,0.0280711387694091,32781000,"%"
"Maldives",0,29.7398,4.8409,0,4.5092,3.2756,8.4068,0.4665,5.836,0.4561,7.3909,0,1.3683,0.0518,1.1713,0.0622,1.7207,0,0,4.9756,20.255,4.9549,0.5183,7.9,"10.3",2.12661737523105,0.00683918669131238,1.9452865064695,0.17449168207024,541000,"%"
"Mali",0,17.4631,1.2195,0,12.0873,0.1327,0.4065,0.2987,5.6745,0.0249,9.7146,0.3152,3.3765,0.5475,0.1244,0.1327,0.0332,0,0,1.3357,32.5369,14.1945,0.3816,7.1,"6.3",0.0172337168534887,0.000651819663226507,0.0131400918473162,0.00344180534294603,20251000,"%"
"Malta",0,29.3856,6.6557,0,4.8786,1.3878,1.3074,0.2666,10.6541,0.0169,9.3298,0.0508,1.4978,0.0804,0.0804,0.0296,2.6783,0,0,1.172,20.6144,9.3975,0.5162,31,"<2.5",1.05325670498084,0.00977011494252874,0.683333333333333,0.360153256704981,522000,"%"
"Mauritania",0,17.4021,1.7485,0,4.3092,0.4337,0.5369,0.0895,5.7479,0.0688,8.646,0.2822,0.5025,0.3373,0,0.0207,0.1652,0,0,0,32.6014,26.9567,0.1514,11.3,"10.4",0.164817204301075,0.00350537634408602,0.158817204301075,0.00249462365591398,4650000,"%"
"Mauritius",0,12.8934,1.4559,0,3.2471,0.7355,1.0457,0.1501,6.7594,0.1001,2.8418,0.055,1.566,0.2502,0.3452,0.025,0.9856,0,0,0.2702,37.1041,29.9945,0.1751,11.5,"6.5",0.0343873517786561,0.000790513833992095,0.0305138339920949,0.00308300395256917,1265000,"%"
"Mexico",0,23.7741,3.2525,0,6.4604,2.2807,0.4661,0.5305,13.2133,0.005,4.3433,0.2182,1.185,0.238,0.2529,0.0248,0.2033,0,0,0.7437,26.2234,16.3419,0.2429,28.4,"3.6",0.697351946913735,0.069584950544635,0.588996963816201,0.0387700325528985,127792000,"%"
"Mongolia",0,36.9018,5.5153,0,2.7445,0.593,0.0315,0.042,21.0223,0.0525,9.0628,0.6717,0.1259,0.0105,0.0052,0.042,1.6373,0,0,0.0787,13.0982,8.2231,0.1417,19.6,"13.4",0.010086283844094,0,0.00928295150252901,0.00080333234156501,3361000,"%"
"Montenegro",0,32.7855,3.8887,0,3.7312,1.1566,0.3473,0.3688,14.7778,0.1003,12.5363,0.0752,0.5837,0.0788,0.043,0.0251,2.5531,0,0,0.8415,17.2163,8.6332,0.2578,24.9,"<2.5",2.70048231511254,0.0427652733118971,2.05385852090032,0.603858520900322,622000,"%"
"Morocco",0,15.4227,3.5807,0,7.1539,1.1517,1.2329,0.7014,6.9989,0.0074,2.2296,0.2289,0.7309,0.1477,0.3987,0.096,0.1993,0,0,1.9048,34.5736,22.9457,0.2953,25.6,"3.4",0.549290720961282,0.00918168669336894,0.453924677347575,0.0861843569203382,35952000,"%"
"Mozambique",0,11.591,1.1197,0,8.8101,0.5537,0.849,0.1846,6.8783,0.0369,2.0795,0.1107,1.1936,0.7014,0.0246,0.849,0.0984,0,0,0.8244,38.4152,25.5199,0.16,6,"27.9",0.0384585766540461,0.000275941731373933,0.0296894051209652,0.00849322980170699,31166000,"%"
"Myanmar",0,26.047,3.0066,0,3.8192,0.9251,2.5441,0.275,18.1335,0.0375,1.2814,0.1563,5.1194,0.6938,0.5313,0.0625,0.025,0,0.0813,0.2688,23.953,12.7453,0.2938,5.7,"10.6",NA,NA,NA,NA,54704000,"%"
"Namibia",0,16.7373,3.3171,0,6.802,0.2718,0.6075,0.2798,7.7772,0.0959,4.548,0.2078,0.8792,0.4316,0.4236,0.5915,0.5995,0,0,0.1199,33.2667,22.9078,0.1359,15,"27.3",0.498229043683589,0.00523415977961432,0.424203069657615,0.0687918142463597,2541000,"%"
"Nepal",0,12.1853,3.3076,0,7.1664,0.4361,0.1563,0.5513,2.7069,0.0082,5.4139,0.1563,0.4525,0.5513,1.1437,0.1975,0.2468,0.1892,0,0.5019,37.8147,26.2136,0.6006,3.8,"8.7",0.527033604480597,0.00282370982797706,0.372282971062808,0.151926923589812,29996000,"%"
"Netherlands",0,30.1494,6.6484,0,1.2702,1.4787,0.7451,0.3475,10.8567,0,10.3934,0.027,0.3591,0.0309,0.1235,0.0849,0.0541,0,0,1.498,19.8525,15.8449,0.2355,23.1,"<2.5",1.70301711799393,0.0406938798877884,0.0321692334115761,1.63015400469457,17467000,"%"
"New Caledonia",0,22.2697,3.6599,0,5.0979,1.0439,0.8385,0.2222,11.6086,0.2851,5.0476,0.0755,3.3036,0.0293,0.0629,0.0335,1.3961,0,0,0.2557,27.7282,16.8532,0.1887,NA,"7.1",NA,NA,NA,NA,295000,"%"
"New Zealand",0,34.1264,13.9753,0,1.3271,1.2111,0.6485,0.3049,13.9409,0,4.2948,0.0601,2.0228,0.0773,0.0859,0.0687,0.0945,0,0,1.3357,15.8736,10.2689,0.2835,32,"<2.5",0.0389011429717265,0.000501303388810908,0.0369159815520353,0.00148385803088029,4987000,"%"
"Nicaragua",0,17.9935,2.3309,0,9.2369,1.008,0.4174,0.1339,7.6069,0.1102,6.5123,0.1102,1.9214,0.4646,0.0079,0.1024,0.4252,0,0,0.0315,32.0104,19.3952,0.1811,21.8,"17",0.0823832625833839,0.00234990903577926,0.0640539721043056,0.015979381443299,6596000,"%"
"Niger",0,10.9769,2.6573,0,12.436,0.058,0.1353,0.2416,3.6332,0.0097,4.3193,0.1836,13.4216,1.4398,0.3479,0.0483,0.029,0,0,0,39.0279,10.5904,0.4445,4.7,"16.5",0.00502294431353094,0.000285253627682004,0.00466327669601885,7.44139898300881e-05,24189000,"%"
"Nigeria",0,5.0182,0.8078,0,7.1082,0.5755,0.5957,0.3433,2.4838,0.0101,0.4645,0.0909,4.3922,0.4241,0.4746,1.2621,0.0404,0,0,0.2322,44.9818,30.1494,0.5452,7.8,"13.4",0.030072766081304,0.000548171145823227,0.0278766857475502,0.00164790918793053,206140000,"%"
"North Macedonia",0,19.642,7.1263,0,1.9013,0.7305,0.2371,0.4112,6.5409,0.0435,4.8476,0.15,2.0174,0.1355,0.4886,0.0774,1.7078,0,0,1.1708,30.3628,21.6642,0.745,23.9,"3.2",1.29586538461538,0.0441826923076923,0.895528846153846,0.356153846153846,2080000,"%"
"Norway",0,27.2211,6.4445,0,1.9601,1.0645,1.5545,0.4055,10.6992,0.3244,7.4043,0.0541,1.7032,0.0912,0.0473,0.0473,1.6796,0,0,0.8888,22.7806,15.4642,0.1656,25,"<2.5",0.332448487098571,0.00517913495452014,0.220215333209579,0.107054018934472,5387000,"%"
"Oman",0,23.6146,2.3712,0,3.7744,1.4422,0.929,0.7926,9.0171,0.0325,9.6407,0.2144,1.1174,0.1689,0.7276,0.039,1.0979,0,0,0.6107,26.3821,17.4495,0.5782,22.9,"6.8",2.39618077657543,0.0249098238913643,2.10647146191386,0.26479949077021,4713000,"%"
"Pakistan",0,24.8245,8.9701,0,4.2124,0.6203,0.0818,0.1227,3.4967,0.0068,11.5125,0.1431,1.0906,0.2726,0.2249,0.0341,0.0204,0.0613,0,0.1909,25.1789,18.8603,0.075,7.8,"20.3",0.148729066714945,0.00305014936181769,0.140796143749434,0.00488277360369331,220940000,"%"
"Panama",0,25.9557,9.1864,0,3.8355,0.8991,0.8614,0.5722,9.1046,0.132,5.7281,0.1823,1.4273,0.1509,0.0377,0.0566,1.0375,0,0,0.4339,24.0317,16.2412,0.1258,22.5,"10",3.01657716553817,0.0614756012141023,2.4569460658417,0.498155498482372,4283000,"%"
"Paraguay",0,19.8084,3.8811,0,4.9807,1.5622,0.1742,0.3974,10.2335,0.0272,3.7069,0.2558,2.0576,0.2123,0.0218,0.5552,0.5334,0,0,0.0163,30.1889,21.2672,0.1198,19,"10.7",0.821419710544452,0.0180427291523088,0.547691247415576,0.255685733976568,7255000,"%"
"Peru",0,18.0402,1.1055,0,5.5879,2.1206,1.9497,1.6382,6.8241,0.0302,5.608,0.4322,2.5628,0.603,0.0704,0.6834,0.4523,0,0,0.2312,31.9598,19.6482,0.4523,19.1,"9.7",2.70751584206678,0.104036680477699,2.44895807945406,0.154521082135023,32824000,"%"
"Philippines",0,29.7607,7.3714,0,3.4748,1.0544,1.6045,0.7243,18.887,0.0275,0.5684,0.2751,2.2371,0.055,0.0642,0.22,0.3576,0,0.0183,0.7701,20.2439,11.9281,0.3576,6,"13.3",0.337675326927113,0.00636697967713381,0.299354815159562,0.0319535320904171,109581000,"%"
"Poland",0,32.746,12.3719,0,1.6183,0.7141,0.4851,0.2057,13.3072,0,5.86,0.0078,0.4967,0.031,0.0427,0.1087,0.0737,0,0,0.4385,17.254,13.9747,0.2639,25.6,"<2.5",0.661196830692244,0.0115669307756464,0.29352324854045,0.356106651376147,38368000,"%"
"Portugal",0,26.4556,9.5983,0,2.1808,0.7993,1.0267,0.2825,10.3459,0.0138,4.5442,0.1378,0.4203,0.0689,0.0413,0.0586,1.354,0,0,0.7648,23.5444,18.0803,0.2825,23.2,"<2.5",1.15734763529985,0.0225841053144807,0.671643100926377,0.463120429058996,10255000,"%"
"Republic of Moldova",0,26.5244,6.8551,0,2.557,1.5517,0.6921,0.2987,9.7764,0.0656,7.5326,0.1238,0.2841,0.0291,0.0146,0.0874,0.8305,0,0,0.1093,23.472,18.8388,0.357,20.1,NA,2.02271570014144,0.0476661951909477,1.47920792079208,0.495841584158416,3535000,"%"
"Romania",0,27.4359,6.8987,0,2.5519,1.5914,0.1994,0.293,7.9894,0.0366,10.6349,0.1221,0.5495,0.0407,0.4965,0.1099,0.8506,0,0,0.6797,22.56,16.512,0.4477,24.5,"<2.5",1.0895899381529,0.033215529338392,0.778239176757965,0.278135232056546,19241000,"%"
"Russian Federation",0,27.936,7.2,0,1.6511,1.9603,0.9415,0.2138,10.8433,0.0091,6.8453,0.1455,0.7823,0.0546,0.0273,0.141,0.4184,0,0,0.1274,22.064,18.3753,0.2638,25.7,"<2.5",1.02475380452932,0.017634070045593,0.772007660171877,0.235112074311845,146733000,"%"
"Rwanda",0,11.0727,1.0364,0,4.8545,0.1636,0.6364,9.6727,5.2182,0.0182,3.7818,0.2364,3.6545,2.6909,0.0545,2.1636,0.0545,0,0,0.0182,38.9091,15.5091,0.2545,4.8,"36.8",0.0391136504014824,0.000262507720815318,0.0372915379864114,0.00155960469425571,12952000,"%"
"Saint Kitts and Nevis",0,24.3013,4.737,0,2.0602,0.56,0.7296,0.3596,14.3547,0.1439,3.7916,0.1233,2.9028,0.1541,0.2055,0.0462,0.1798,0,0,0.5189,25.7039,19.0043,0.1233,23.1,NA,0.0351851851851852,0,0.0351851851851852,0,54000,"%"
"Saint Lucia",0,33.3454,3.813,0,1.6712,0.5249,1.5867,0.3741,22.8778,0.1629,4.3137,0.2353,2.4012,0.181,0.4163,0.0965,0.9894,0,0,0.5551,16.6516,9.6531,0.1508,19.8,NA,0.0296703296703297,0,0.0148351648351648,0.0148351648351648,182000,"%"
"Saint Vincent and the Grenadines",0,24.4653,1.085,0,4.3274,0.7589,0.715,0.7526,17.529,0.2258,4.2521,0.1254,0.6773,0.2759,1.2919,0.1756,1.7184,0,0,0.4516,25.5315,15.3904,0.2509,23.8,"5.7",0.0657657657657658,0,0.0594594594594595,0.00630630630630631,111000,"%"
"Samoa",0,21.6806,4.778,0.0036,1.5771,0.2227,1.8968,0.6287,13.2418,0.0683,1.4693,0.0683,16.8666,0,0.115,0.3341,0.291,0,0,0.0611,28.3194,8.3345,0.0431,45.5,"2.7",NA,NA,NA,NA,2e+05,"%"
"Sao Tome and Principe",0,7.3284,0.6241,0,2.9864,0.1074,1.4361,1.2013,4.1809,0.0537,0.9731,0.0134,20.7704,0.1342,0.0336,0.1544,0.0738,0,0,0.0268,42.6616,17.1666,0.0738,10.6,"7",0.447619047619048,0.00714285714285714,0.42952380952381,0.010952380952381,210000,"%"
"Saudi Arabia",0,15.3954,2.6475,0,5.2126,0.9019,0.4122,0.4219,6.9243,0.0873,4.4125,0.097,0.6207,0.1794,0.48,0.0291,1.251,0,0,0.7128,34.607,25.4182,0.1891,35,"7.1",0.984204217916155,0.015113723923404,0.945549499158129,0.0235409948346223,35041000,"%"
"Senegal",0,6.104,0.7876,0,5.7374,0.258,0.7129,0.0815,3.2319,0.0068,0.9845,0.1222,3.9041,0.1222,0.1697,0.0543,0.2037,0,0,0.387,43.9028,33.0391,0.1901,7.4,"11.3",0.0928750597228858,0.00191710463449594,0.0851290014333493,0.00582895365504061,16744000,"%"
"Serbia",0,33.0354,4.0698,0,2.1213,1.5195,0.3396,0.578,18.1385,0.006,8.7594,0.2145,1.1262,0.0775,0.0834,0.0596,1.5016,0,0,0.9355,16.9646,10.1061,0.3635,23.5,"5.7",0.567572229409228,0.0113842173350582,0,0.55618801207417,6957000,"%"
"Sierra Leone",0,5.9931,0.1678,0,3.2063,0.2983,1.2117,0.261,2.0412,0.0373,2.1996,0.0746,4.856,0.466,0.2889,0.4474,0.0746,0,0,0.0559,44.0022,34.0479,0.2703,7.5,"25.6",0.0294095524633321,0.0009276670427479,0.02240190547825,0.00607997994233421,7977000,"%"
"Slovakia",0,25.493,14.9373,0,2.0003,1.1183,0.2331,0.1386,5.8496,0.0095,3.2697,0.0851,0.7686,0.0221,0.0599,0.041,0.7655,0,0,0.4253,24.507,20.1474,0.1292,22.4,"3.4",0.802691321860124,0.00291102160380813,0.182350787257415,0.617429512998901,5462000,"%"
"Slovenia",0,26.6163,10.0008,0,3.5771,1.1287,0.3693,0.4606,8.5899,0.0622,6.4155,0.112,0.8714,0.0415,0.1784,0.0539,2.411,0,0,1.5852,23.3878,13.8684,0.2697,22.5,"<2.5",1.09129814550642,0.0114122681883024,0.400570613409415,0.679315263908702,2103000,"%"
"Solomon Islands",0,13.6649,3.4726,0,3.0802,0.2943,2.5505,0.569,6.5431,0.0981,0.7553,0.049,16.5686,0.5199,0.1962,2.1778,0.981,0,0,0.3139,36.3351,11.752,0.0785,20.5,"8.9",0.000559440559440559,0,0.00041958041958042,0.00013986013986014,715000,"%"
"South Africa",0,19.7743,0.8542,0,6.4308,1.0982,0.2379,0.0854,14.1489,0,3.1056,0.3295,1.1836,0.0427,0.1037,0.0549,0.2807,0,0,0.0915,30.2257,21.7877,0.1647,27,"6.2",1.20055678540283,0.0318105587978802,1.08366874622661,0.0850774803783457,59628000,"%"
"Spain",0,19.5253,2.4641,0,1.078,1.2521,1.0814,0.375,9.2772,0,5.3601,0.0937,1.0513,0.0971,0.0134,0.0469,0.4955,0,0,1.3626,30.4731,25.6922,0.2611,27.1,"<2.5",2.19614149259998,0.072954760155348,0.31568384591162,1.80750288653301,47635000,"%"
"Sri Lanka",0,10.1348,0.3195,0,2.7159,1.1682,2.2766,0.5791,2.027,0.01,4.2336,0.0999,27.1892,0.3794,1.4279,0.0899,0.1198,0,0.01,0.4194,39.8602,6.7,0.2396,5.4,"9",0.0358845785658932,7.2936135296531e-05,0.0173360076582942,0.0184756347723025,21937000,"%"
"Sudan",0,20.1511,1.7092,0,5.6998,0.2347,0.0587,0.3961,7.0789,0.0073,10.8055,0.2641,3.7265,0.4108,0.1174,0.0587,0.0587,0,0,0,29.8489,19.0214,0.3521,7.4,"20.1",0.0313393691988415,0.00190882346233666,0.0154256653515474,0.0140048803849575,43849000,"%"
"Suriname",0,14.8751,0.7849,0,3.1593,0.9601,0.772,0.2335,10.639,0.1557,1.6867,0.0324,3.1139,0.0649,0.0584,0.1103,0.8823,0,0,0.1557,35.1281,26.9089,0.2789,26.5,"8.5",0.854545454545454,0.0180165289256198,0.831735537190083,0.00479338842975207,605000,"%"
"Sweden",0,28.4111,9.7148,0,1.9481,1.3741,0.8778,0.3556,8.8481,0.0481,7.5926,0.0074,0.9519,0.0296,0.1111,0.0481,0.2333,0,0,0.9704,21.5852,16.663,0.2296,22.1,"<2.5",1.06576081719187,0.0571745205743471,0,1.00858629661752,10377000,"%"
"Switzerland",0,28.1054,6.2293,0,1.1241,0.93,0.4048,0.3379,12.0906,0,8.3804,0.0703,0.5286,0.0268,0.0836,0.0368,0.174,0,0,1.9772,21.8962,17.3898,0.2141,21.2,"<2.5",1.2005211952745,0.0241255501505675,0.646282140375261,0.530113504748668,8634000,"%"
"Taiwan*",0,19.3217,2.6952,0,1.1629,1.4818,0.4667,0.2956,13.2817,0.0194,1.3223,0.07,2.8197,0.0506,0.105,0.0194,0.4823,0,0,0.6145,30.6783,24.8016,0.3111,NA,"3.5",0.00232952138924185,2.96484540448962e-05,0.00212621770436256,0.000173655230834392,23610000,"%"
"Tajikistan",0,12.6827,0.0348,0,10.2035,0.5741,0.0174,0.3566,7.159,0.0348,4.6799,0.2175,1.27,0.1131,0.0174,0.0783,1.1308,0,0,0.4175,37.3173,22.7557,0.9395,12.6,NA,0.114285714285714,0.000859051861279033,0.104878566125782,0.00854809629865309,9429000,"%"
"Thailand",0,19.5718,1.666,0,2.538,2.8961,1.7984,0.506,11.6621,0.0078,1.4636,0.0934,4.6166,0.1012,1.7594,0.0701,0.1246,0,0,0.2647,30.4165,20.2336,0.2102,10.8,"7.8",0.00561517419665134,8.86764661676737e-05,0.00530555806054047,0.000220939669943187,66534000,"%"
"Timor-Leste",0,17.8988,2.0345,0,10.2168,0.2446,0.7893,1.3007,14.5525,0.1112,0.1779,0.0889,3.5353,0.2779,0.1445,0.1779,0.2001,0,0,0.0111,32.1067,15.9644,0.1668,2.9,"24.9",0.00220030349013657,0,0.00212443095599393,7.58725341426404e-05,1318000,"%"
"Togo",0,5.3063,0.5351,0,8.9093,0.1962,0.5708,0.0624,3.3889,0.0803,0.544,0.0713,2.9608,0.8918,0.223,0.6064,0.1694,0,0,0,44.6892,30.643,0.1516,7.1,"16.1",0.0265732576398116,0.000628095180577364,0.0193260055562266,0.00661915690300761,8279000,"%"
"Trinidad and Tobago",0,23.3455,5.3472,0,2.5134,0.6185,0.7816,0.3205,11.386,0.1012,5.1279,0.0843,3.1993,0.343,0.4386,0.0843,0.4386,0,0,0.596,26.6573,18.4369,0.1799,19.7,"5.5",0.402556610664719,0.00766983199415632,0.298392987582177,0.0964937910883857,1369000,"%"
"Tunisia",0,12.7886,2.6543,0,3.2543,0.9255,0.5085,0.4068,4.0323,0.0102,4.5764,0.0915,1.4085,0.2034,0.3407,0.0407,0.3,0,0,2.3289,37.2114,28.1552,0.7627,27.3,"4.3",0.410213517148621,0.00688466711499664,0.0422999327505044,0.36102891728312,11896000,"%"
"Turkey",0,13.6766,2.9392,0,2.0428,0.825,0.1428,0.3292,3.8475,0.0079,5.8586,0.0674,1.7453,0.3808,0.3729,0.0516,0.0912,0,0,2.8162,36.3175,27.8172,0.6703,32.2,"<2.5",0.432068261342059,0.0117021149551572,0.375449323477077,0.0449168229098248,83737000,"%"
"Turkmenistan",0,32.6886,6.4856,0,2.9938,1.106,0.1274,0.3069,17.4764,0.0347,7.4411,0.0521,0.3938,0.0405,0.0058,0.0521,1.0829,0,0,0.1969,17.3085,11.761,0.4459,17.5,"5.4",NA,NA,NA,NA,6031000,"%"
"Uganda",0,12.3139,0.9627,0,3.4479,0.2239,0.862,0.7164,6.101,0.0112,4.0188,0.1343,6.5599,1.0411,0.0336,0.5709,0.1008,0,0,0,37.6917,25.0532,0.1567,4.1,"41",0.0250169432238036,0.000220808465053234,0.0160709210555082,0.00872521370324217,45741000,"%"
"Ukraine",0,26.91,5.494,0,3.0837,2.4481,0.516,0.3084,9.635,0.0063,8.691,0.1196,0.1007,0.0629,0.0378,0.2266,0.4972,0,0,0.7867,23.09,17.4638,0.5223,26.1,"3.5",0.846672890037819,0.0157164057637991,0.352434295562258,0.478522188711762,41778000,"%"
"United Arab Emirates",0,21.4437,4.0036,0,3.0418,1.1407,0.8108,0.6766,9.461,0.1006,5.86,0.1677,3.204,1.0624,1.1295,0.0168,0.1454,0,0,3.8246,28.5563,14.924,0.4306,29.9,"2.6",1.27963796277357,0.00487829822049499,1.21631212926979,0.058447535283289,9778000,"%"
"United Kingdom",0,25.8633,4.2615,0,1.4678,1.0778,0.5176,0.4219,12.5789,0.078,7.353,0.0745,1.1664,0.0638,0.1276,0.0851,1.4642,0,0,0.702,24.1332,18.3507,0.2127,29.5,"<2.5",1.30559857057772,0.0669833234067898,0.00399791542584872,1.23461733174509,67160000,"%"
"United Republic of Tanzania",0,7.5907,1.5442,0,4.214,0.0744,0.4558,0.2698,3.014,0,2.5023,0,8.3628,1.0233,0.1302,0.7163,0.0279,0,0,0.3628,42.4093,27.0605,0.2419,7.1,"30.7",0.00085211102554659,3.51558576355175e-05,0.000306358187966652,0.00051059697994442,59734000,"%"
"United States of America",0,21.2045,3.3013,0,1.2829,1.25,0.3887,0.4426,9.4166,0,6.8359,0.009,1.7464,0.0449,0.0867,0.0478,0.3977,0,0,0.942,28.797,23.6117,0.1944,37.3,"<2.5",2.61792723370458,0.0682764537192538,1.0376193623097,NA,329878000,"%"
"Uruguay",0,25.5069,3.4811,0,2.5698,1.2804,0.3281,0.1777,12.2841,0.0456,8.0603,0.0729,1.5127,0.0729,0.0319,0.1002,0.7564,0,0,0.1367,24.4908,18.8819,0.2096,28.9,"<2.5",0.0807419994335882,0.00150099122061739,0.0665817048994619,0.0126593033135089,3531000,"%"
"Uzbekistan",0,25.9903,2.4884,0,2.7168,1.0639,0.0962,0.583,10.3624,0.012,11.805,0.1743,0.3366,0,0.018,0.0902,0.1683,0,0,0.7754,24.0067,18.4589,0.8535,15.3,"6.3",0.191101422133786,0.0016064844618716,0.182913911160531,0.00658102651138292,34174000,"%"
"Vanuatu",0,14.9179,1.9531,0,4.1249,0.3509,1.4343,0.3052,9.9334,0.0254,1.1495,0.0966,23.1779,0,0.1068,0.4578,0.2187,0,0,0.0356,35.0847,6.4849,0.1424,23.5,"7.2",NA,NA,NA,NA,321000,"%"
"Venezuela (Bolivarian Republic of)",0,16.3261,2.2673,0,2.5449,0.6555,0.5707,0.964,7.0949,0.0077,5.5217,0.2082,0.1003,0.1157,0,0.1311,0.0848,0,0,0.0154,33.6855,29.5211,0.1851,25.2,"21.2",0.312672368650724,0.00269855123058125,0.293059870832606,0.0169139465875371,28645000,"%"
"Vietnam",0,33.2484,3.8238,0,3.7155,0.7839,1.1217,0.4079,26.4292,0.0064,0.752,0.3378,4.2891,0.0765,0.6309,0.0701,0.0829,0.0382,0,1.1726,16.7548,5.6211,0.6373,2.1,"9.3",0.00121402363604237,3.63791329293517e-05,0.00109864981446642,7.89946886465923e-05,96209000,"%"
"Yemen",0,12.5401,2.0131,0,11.5271,0.5514,0.3847,0.2564,8.001,0.0256,1.3463,0.2436,0.7565,0.5001,0.1026,0.0513,0.3718,0,0,0.0769,37.4535,23.6312,0.1667,14.1,"38.9",0.00690672567558506,0.00200831489304634,0.00455978005766781,0.000338630724870918,29826000,"%"
"Zambia",0.0783,9.6005,1.6113,0,14.3225,0.6266,1.007,0.1343,4.901,0.0224,1.2756,0.179,9.8915,0.0783,0.1567,0.2014,0.0671,0,0,0.0112,40.3939,15.2848,0.1567,6.5,"46.7",0.0876686248912097,0.00189295039164491,0.08256636205396,0.00320931244560487,18384000,"%"
"Zimbabwe",0,10.3796,2.9543,0,9.7922,0.3682,0.2455,0.0614,4.5674,0.0175,2.104,0.1315,1.9462,0.114,0.0526,0.0877,0.1052,0,0,0.4296,39.6248,26.9396,0.0789,12.3,"51.3",0.0556818946376909,0.00159456368162551,0.0524591266904393,0.00162820426562605,14863000,"%"
